president,subgroup,modeldate,approve_estimate,approve_hi,approve_lo,disapprove_estimate,disapprove_hi,disapprove_lo,timestamp,date
Joe Biden,All polls,11/2/2022,42.227968,46.437911,38.018025,53.293053,57.57946,49.006647,16:13:36  2 Nov 2022,2022-11-02
Joe Biden,All polls,11/1/2022,42.353545,46.435788,38.271302,53.714995,57.928915,49.501076,18:55:37  1 Nov 2022,2022-11-01
Joe Biden,All polls,10/31/2022,42.310974,46.400504,38.221443,53.635141,57.902854,49.367428,15:25:38 31 Oct 2022,2022-10-31
Joe Biden,All polls,10/30/2022,42.365694,46.417611,38.313777,53.28958,57.233589,49.345571,13:34:37 30 Oct 2022,2022-10-30
Joe Biden,All polls,10/29/2022,42.169735,46.227223,38.112248,52.945492,56.874415,49.01657,13:35:10 30 Oct 2022,2022-10-29
Joe Biden,All polls,10/28/2022,42.169735,46.227223,38.112248,52.945492,56.874416,49.016569,18:17:37 28 Oct 2022,2022-10-28
Joe Biden,All polls,10/27/2022,42.284755,46.305498,38.264011,53.024957,56.964166,49.085748,13:57:36 27 Oct 2022,2022-10-27
Joe Biden,All polls,10/26/2022,41.812928,45.97907,37.646785,53.426052,57.625559,49.226544,13:18:36 26 Oct 2022,2022-10-26
Joe Biden,All polls,10/25/2022,41.74549,46.02135,37.46963,53.652357,57.914993,49.38972,19:13:36 25 Oct 2022,2022-10-25
Joe Biden,All polls,10/24/2022,41.643841,45.901444,37.386238,53.339015,57.739448,48.938582,14:42:36 24 Oct 2022,2022-10-24
Joe Biden,All polls,10/23/2022,41.629187,45.908963,37.34941,53.465618,57.894618,49.036617,11:08:53 23 Oct 2022,2022-10-23
Joe Biden,All polls,10/22/2022,41.517407,45.802676,37.232138,53.501456,57.975624,49.027289,11:09:23 23 Oct 2022,2022-10-22
Joe Biden,All polls,10/21/2022,41.517407,45.802672,37.232142,53.501456,57.975622,49.027291,10:56:36 21 Oct 2022,2022-10-21
Joe Biden,All polls,10/20/2022,41.998102,46.311905,37.6843,53.422625,58.086482,48.758768,15:10:51 20 Oct 2022,2022-10-20
Joe Biden,All polls,10/19/2022,42.324243,46.650651,37.997834,53.175874,57.700135,48.651612,15:40:35 19 Oct 2022,2022-10-19
Joe Biden,All polls,10/18/2022,42.465075,46.818048,38.112102,53.154866,57.771993,48.537739,16:16:35 18 Oct 2022,2022-10-18
Joe Biden,All polls,10/17/2022,42.783115,46.992263,38.573966,53.188939,57.943342,48.434536,09:39:35 17 Oct 2022,2022-10-17
Joe Biden,All polls,10/16/2022,42.929573,47.104436,38.754711,52.883847,57.517416,48.250279,12:56:39 16 Oct 2022,2022-10-16
Joe Biden,All polls,10/15/2022,42.15572,45.983164,38.328275,52.789677,57.691644,47.887711,12:39:35 15 Oct 2022,2022-10-15
Joe Biden,All polls,10/14/2022,42.26846,46.062872,38.474048,52.73817,57.658144,47.818196,17:15:36 14 Oct 2022,2022-10-14
Joe Biden,All polls,10/13/2022,42.589401,46.499476,38.679327,52.28799,57.100546,47.475434,14:52:44 13 Oct 2022,2022-10-13
Joe Biden,All polls,10/12/2022,42.401888,46.366676,38.4371,52.332423,57.280589,47.384258,13:33:34 12 Oct 2022,2022-10-12
Joe Biden,All polls,10/11/2022,42.152994,46.196266,38.109722,52.53454,57.249548,47.819531,17:29:34 11 Oct 2022,2022-10-11
Joe Biden,All polls,10/10/2022,42.333167,46.348925,38.31741,52.266184,56.875102,47.657266,20:19:34 10 Oct 2022,2022-10-10
Joe Biden,All polls,10/9/2022,42.518631,46.68996,38.347302,51.967244,56.494177,47.440312,09:33:02 10 Oct 2022,2022-10-09
Joe Biden,All polls,10/8/2022,42.518631,46.689963,38.347299,51.967244,56.494175,47.440313,10:42:34  8 Oct 2022,2022-10-08
Joe Biden,All polls,10/7/2022,42.626131,46.83436,38.417902,51.669024,56.233584,47.104463,19:31:34  7 Oct 2022,2022-10-07
Joe Biden,All polls,10/6/2022,42.684919,46.931776,38.438062,51.463897,55.90407,47.023724,09:43:34  6 Oct 2022,2022-10-06
Joe Biden,All polls,10/5/2022,42.339879,46.715592,37.964165,51.865582,56.372526,47.358637,18:21:33  5 Oct 2022,2022-10-05
Joe Biden,All polls,10/4/2022,42.647622,47.115448,38.179796,52.109096,56.230282,47.987911,11:44:34  4 Oct 2022,2022-10-04
Joe Biden,All polls,10/3/2022,42.110756,46.408771,37.812742,51.939757,56.130304,47.74921,14:22:33  3 Oct 2022,2022-10-03
Joe Biden,All polls,10/2/2022,42.274261,46.506744,38.041778,51.924362,56.09248,47.756244,10:09:01  3 Oct 2022,2022-10-02
Joe Biden,All polls,10/1/2022,42.274261,46.506745,38.041777,51.924362,56.09248,47.756244,10:09:29  3 Oct 2022,2022-10-01
Joe Biden,All polls,9/30/2022,42.274261,46.506744,38.041778,51.924362,56.09248,47.756244,09:53:33 30 Sep 2022,2022-09-30
Joe Biden,All polls,9/29/2022,42.047355,46.2838,37.810909,52.203764,56.329715,48.077814,13:42:33 29 Sep 2022,2022-09-29
Joe Biden,All polls,9/28/2022,42.188364,46.496643,37.880085,52.217233,56.386898,48.047569,18:35:33 28 Sep 2022,2022-09-28
Joe Biden,All polls,9/27/2022,42.598817,46.69005,38.507584,53.112738,57.182446,49.04303,18:32:32 27 Sep 2022,2022-09-27
Joe Biden,All polls,9/26/2022,42.706017,46.768685,38.643349,53.043241,57.134741,48.951741,13:18:33 26 Sep 2022,2022-09-26
Joe Biden,All polls,9/25/2022,42.765571,46.858211,38.672931,52.999858,57.063071,48.936645,12:16:46 25 Sep 2022,2022-09-25
Joe Biden,All polls,9/24/2022,42.656744,46.716607,38.596881,52.74259,56.907635,48.577545,12:29:32 24 Sep 2022,2022-09-24
Joe Biden,All polls,9/23/2022,42.87724,46.973633,38.780848,52.51182,56.664147,48.359492,17:28:45 23 Sep 2022,2022-09-23
Joe Biden,All polls,9/22/2022,42.470171,46.468081,38.47226,52.95148,57.084246,48.818714,10:26:32 22 Sep 2022,2022-09-22
Joe Biden,All polls,9/21/2022,42.359285,46.528792,38.189779,53.11817,57.278925,48.957416,20:14:32 21 Sep 2022,2022-09-21
Joe Biden,All polls,9/20/2022,42.292577,46.559017,38.026137,53.328855,57.660998,48.996712,17:52:31 20 Sep 2022,2022-09-20
Joe Biden,All polls,9/19/2022,42.345584,46.488204,38.202963,52.744015,57.002644,48.485385,09:58:31 19 Sep 2022,2022-09-19
Joe Biden,All polls,9/18/2022,42.232722,46.363858,38.101586,52.866853,57.131302,48.602405,14:51:31 18 Sep 2022,2022-09-18
Joe Biden,All polls,9/17/2022,41.994429,46.12051,37.868347,52.973552,57.300987,48.646116,14:52:00 18 Sep 2022,2022-09-17
Joe Biden,All polls,9/16/2022,41.994429,46.12051,37.868348,52.973552,57.300988,48.646116,15:38:30 16 Sep 2022,2022-09-16
Joe Biden,All polls,9/15/2022,42.303053,46.41879,38.187316,53.118252,57.17685,49.059654,09:45:31 15 Sep 2022,2022-09-15
Joe Biden,All polls,9/14/2022,42.217412,46.408967,38.025857,53.297341,57.455751,49.13893,20:44:30 14 Sep 2022,2022-09-14
Joe Biden,All polls,9/13/2022,42.585783,46.834249,38.337316,53.094375,57.378239,48.810511,16:50:43 13 Sep 2022,2022-09-13
Joe Biden,All polls,9/12/2022,42.589569,46.591814,38.587324,53.032515,57.368731,48.6963,21:00:34 12 Sep 2022,2022-09-12
Joe Biden,All polls,9/11/2022,42.484496,46.365646,38.603347,53.047714,57.357235,48.738192,09:29:56 12 Sep 2022,2022-09-11
Joe Biden,All polls,9/10/2022,42.484496,46.365646,38.603347,53.047714,57.357235,48.738192,09:30:22 12 Sep 2022,2022-09-10
Joe Biden,All polls,9/9/2022,42.484496,46.365643,38.60335,53.047714,57.357234,48.738193,09:48:31  9 Sep 2022,2022-09-09
Joe Biden,All polls,9/8/2022,42.369094,46.202694,38.535494,53.179688,57.510049,48.849326,10:20:36  8 Sep 2022,2022-09-08
Joe Biden,All polls,9/7/2022,42.451027,46.467584,38.434471,53.224048,57.682329,48.765767,19:23:31  7 Sep 2022,2022-09-07
Joe Biden,All polls,9/6/2022,42.999953,47.177903,38.822003,52.829503,57.37074,48.288266,19:14:30  6 Sep 2022,2022-09-06
Joe Biden,All polls,9/5/2022,42.81685,46.964989,38.668711,52.725459,57.393292,48.057625,18:58:30  5 Sep 2022,2022-09-05
Joe Biden,All polls,9/4/2022,42.70582,46.780588,38.631051,52.843198,57.485092,48.201303,18:58:54  5 Sep 2022,2022-09-04
Joe Biden,All polls,9/3/2022,42.70582,46.780589,38.63105,52.843198,57.485093,48.201303,18:59:19  5 Sep 2022,2022-09-03
Joe Biden,All polls,9/2/2022,42.70582,46.780591,38.631048,52.843198,57.485091,48.201305,12:15:30  2 Sep 2022,2022-09-02
Joe Biden,All polls,9/1/2022,42.654284,46.678588,38.62998,53.000215,57.499629,48.5008,09:45:40  1 Sep 2022,2022-09-01
Joe Biden,All polls,8/31/2022,42.444431,46.539663,38.349199,53.102269,57.698096,48.506441,14:17:29 31 Aug 2022,2022-08-31
Joe Biden,All polls,8/30/2022,42.008119,46.259811,37.756427,53.789218,58.52059,49.057846,18:51:29 30 Aug 2022,2022-08-30
Joe Biden,All polls,8/29/2022,42.414267,46.605818,38.222715,53.364572,58.008946,48.720199,09:46:29 29 Aug 2022,2022-08-29
Joe Biden,All polls,8/28/2022,42.299131,46.446927,38.151334,53.527435,58.184401,48.870469,11:43:33 28 Aug 2022,2022-08-28
Joe Biden,All polls,8/27/2022,41.917445,45.999539,37.835352,53.286281,58.017381,48.55518,11:43:57 28 Aug 2022,2022-08-27
Joe Biden,All polls,8/26/2022,41.917445,45.999536,37.835355,53.286281,58.017381,48.55518,21:01:29 26 Aug 2022,2022-08-26
Joe Biden,All polls,8/25/2022,41.530031,45.721128,37.338933,53.830311,58.521496,49.139127,14:50:29 25 Aug 2022,2022-08-25
Joe Biden,All polls,8/24/2022,41.343216,45.589958,37.096473,54.076839,58.856676,49.297001,20:26:28 24 Aug 2022,2022-08-24
Joe Biden,All polls,8/23/2022,40.749276,45.112939,36.385613,54.408103,59.642095,49.174111,14:38:28 23 Aug 2022,2022-08-23
Joe Biden,All polls,8/22/2022,40.889773,45.173441,36.606105,54.263091,59.391581,49.134601,15:45:29 22 Aug 2022,2022-08-22
Joe Biden,All polls,8/21/2022,40.980873,44.82555,37.136197,54.189956,59.272386,49.107527,15:00:29 21 Aug 2022,2022-08-21
Joe Biden,All polls,8/20/2022,40.726235,44.629066,36.823404,54.292867,59.502786,49.082947,15:00:53 21 Aug 2022,2022-08-20
Joe Biden,All polls,8/19/2022,40.726235,44.629069,36.823401,54.292867,59.502787,49.082946,12:25:29 19 Aug 2022,2022-08-19
Joe Biden,All polls,8/18/2022,40.54477,44.435382,36.654158,54.847799,59.106022,50.589577,10:19:28 18 Aug 2022,2022-08-18
Joe Biden,All polls,8/17/2022,40.37971,44.322151,36.437269,55.086603,59.411572,50.761633,18:28:28 17 Aug 2022,2022-08-17
Joe Biden,All polls,8/16/2022,40.248652,44.338743,36.158561,55.211067,59.25901,51.163124,09:36:28 16 Aug 2022,2022-08-16
Joe Biden,All polls,8/15/2022,40.24045,44.360155,36.120746,55.221884,59.27369,51.170079,10:02:28 15 Aug 2022,2022-08-15
Joe Biden,All polls,8/14/2022,40.263986,44.415722,36.112251,55.423559,59.474615,51.372502,09:13:51 15 Aug 2022,2022-08-14
Joe Biden,All polls,8/13/2022,40.263986,44.415722,36.112251,55.423559,59.474616,51.372502,09:14:14 15 Aug 2022,2022-08-13
Joe Biden,All polls,8/12/2022,40.263986,44.415723,36.11225,55.423559,59.474616,51.372502,09:54:28 12 Aug 2022,2022-08-12
Joe Biden,All polls,8/11/2022,40.083964,44.24212,35.925809,55.575037,59.638003,51.512072,20:52:27 11 Aug 2022,2022-08-11
Joe Biden,All polls,8/10/2022,39.788568,44.010638,35.566499,55.519025,59.601586,51.436464,13:52:27 10 Aug 2022,2022-08-10
Joe Biden,All polls,8/9/2022,39.602666,43.776556,35.428776,55.684677,59.863871,51.505482,20:22:27  9 Aug 2022,2022-08-09
Joe Biden,All polls,8/8/2022,39.61849,43.823186,35.413793,55.723372,60.05838,51.388364,10:03:28  8 Aug 2022,2022-08-08
Joe Biden,All polls,8/7/2022,39.268847,43.453216,35.084478,55.633491,59.997912,51.269069,09:39:50  8 Aug 2022,2022-08-07
Joe Biden,All polls,8/6/2022,39.268847,43.45322,35.084474,55.633491,59.997912,51.26907,09:40:13  8 Aug 2022,2022-08-06
Joe Biden,All polls,8/5/2022,39.268847,43.45322,35.084473,55.633491,59.997911,51.269071,18:53:32  5 Aug 2022,2022-08-05
Joe Biden,All polls,8/4/2022,39.219817,43.410301,35.029334,55.694789,60.064454,51.325124,09:56:27  4 Aug 2022,2022-08-04
Joe Biden,All polls,8/3/2022,39.187634,43.372554,35.002713,55.748508,60.17623,51.320785,13:12:27  3 Aug 2022,2022-08-03
Joe Biden,All polls,8/2/2022,39.176724,43.557168,34.796281,55.590469,60.138478,51.042459,16:39:27  2 Aug 2022,2022-08-02
Joe Biden,All polls,8/1/2022,39.877286,44.290457,35.464115,55.774156,60.046758,51.501555,10:03:27  1 Aug 2022,2022-08-01
Joe Biden,All polls,7/31/2022,39.730396,44.162207,35.298585,55.969418,60.307467,51.631369,13:07:26 31 Jul 2022,2022-07-31
Joe Biden,All polls,7/30/2022,39.367626,43.771305,34.963948,55.60231,59.991266,51.213355,12:59:53 31 Jul 2022,2022-07-30
Joe Biden,All polls,7/29/2022,39.367626,43.771309,34.963944,55.60231,59.991267,51.213353,15:19:27 29 Jul 2022,2022-07-29
Joe Biden,All polls,7/28/2022,39.274621,43.710703,34.838539,55.684141,60.110408,51.257873,15:31:27 28 Jul 2022,2022-07-28
Joe Biden,All polls,7/27/2022,38.443023,42.931146,33.9549,56.441168,61.102354,51.779983,10:59:31 27 Jul 2022,2022-07-27
Joe Biden,All polls,7/26/2022,37.96036,42.483273,33.437448,56.858192,61.653215,52.063169,20:27:30 26 Jul 2022,2022-07-26
Joe Biden,All polls,7/25/2022,37.743473,42.03007,33.456876,57.066004,62.162213,51.969794,13:30:26 25 Jul 2022,2022-07-25
Joe Biden,All polls,7/24/2022,37.900954,42.186537,33.615372,56.865911,61.866099,51.865723,10:13:48 25 Jul 2022,2022-07-24
Joe Biden,All polls,7/23/2022,37.900954,42.186533,33.615375,56.865911,61.866097,51.865725,10:14:10 25 Jul 2022,2022-07-23
Joe Biden,All polls,7/22/2022,37.900954,42.186534,33.615374,56.865911,61.866097,51.865725,20:45:27 22 Jul 2022,2022-07-22
Joe Biden,All polls,7/21/2022,37.527667,41.831679,33.223654,57.199947,62.204814,52.195079,15:07:26 21 Jul 2022,2022-07-21
Joe Biden,All polls,7/20/2022,37.972746,42.39557,33.549922,56.585101,61.589059,51.581144,20:37:26 20 Jul 2022,2022-07-20
Joe Biden,All polls,7/19/2022,38.495083,42.494005,34.49616,55.811775,61.21637,50.407179,09:58:26 19 Jul 2022,2022-07-19
Joe Biden,All polls,7/18/2022,38.639201,42.70803,34.570372,55.653368,60.969784,50.336952,16:44:25 18 Jul 2022,2022-07-18
Joe Biden,All polls,7/17/2022,38.523044,42.565535,34.480552,55.740702,61.02885,50.452555,12:46:26 17 Jul 2022,2022-07-17
Joe Biden,All polls,7/16/2022,38.496063,42.597461,34.394665,55.511612,60.8459,50.177324,12:46:47 17 Jul 2022,2022-07-16
Joe Biden,All polls,7/15/2022,38.496063,42.597464,34.394662,55.511612,60.845901,50.177323,15:32:29 15 Jul 2022,2022-07-15
Joe Biden,All polls,7/14/2022,38.730212,42.695814,34.764611,55.963986,60.865427,51.062546,14:37:26 14 Jul 2022,2022-07-14
Joe Biden,All polls,7/13/2022,38.605113,42.517189,34.693037,56.117355,61.247254,50.987456,14:57:26 13 Jul 2022,2022-07-13
Joe Biden,All polls,7/12/2022,38.532915,42.512657,34.553173,55.962756,61.215463,50.710048,16:01:26 12 Jul 2022,2022-07-12
Joe Biden,All polls,7/11/2022,38.527124,42.520329,34.53392,55.964987,61.152745,50.777229,12:41:25 11 Jul 2022,2022-07-11
Joe Biden,All polls,7/10/2022,38.400985,42.037324,34.764646,56.361884,60.776351,51.947418,10:44:45 11 Jul 2022,2022-07-10
Joe Biden,All polls,7/9/2022,38.400985,42.037324,34.764646,56.361884,60.77635,51.947418,10:45:05 11 Jul 2022,2022-07-09
Joe Biden,All polls,7/8/2022,38.400985,42.037323,34.764647,56.361884,60.776349,51.947419,12:39:26  8 Jul 2022,2022-07-08
Joe Biden,All polls,7/7/2022,38.587157,42.296329,34.877984,56.302889,60.665571,51.940208,15:31:25  7 Jul 2022,2022-07-07
Joe Biden,All polls,7/6/2022,38.977762,42.673661,35.281862,55.895179,60.322325,51.468033,16:23:25  6 Jul 2022,2022-07-06
Joe Biden,All polls,7/5/2022,38.876341,42.620224,35.132459,56.219113,60.601758,51.836468,15:49:25  5 Jul 2022,2022-07-05
Joe Biden,All polls,7/4/2022,39.231956,43.102748,35.361164,55.90263,60.396169,51.40909,11:48:46  5 Jul 2022,2022-07-04
Joe Biden,All polls,7/3/2022,39.231956,43.102752,35.361161,55.90263,60.396169,51.40909,11:49:06  5 Jul 2022,2022-07-03
Joe Biden,All polls,7/2/2022,39.231956,43.102748,35.361164,55.90263,60.396169,51.40909,11:49:26  5 Jul 2022,2022-07-02
Joe Biden,All polls,7/1/2022,39.231956,43.102752,35.361161,55.90263,60.396169,51.40909,10:02:25  1 Jul 2022,2022-07-01
Joe Biden,All polls,6/30/2022,38.984816,42.940941,35.028692,56.223429,60.768357,51.678502,14:02:25 30 Jun 2022,2022-06-30
Joe Biden,All polls,6/29/2022,39.047446,43.072357,35.022535,56.118942,60.740745,51.497139,21:15:25 29 Jun 2022,2022-06-29
Joe Biden,All polls,6/28/2022,39.569858,43.777328,35.362388,55.586317,60.440131,50.732503,09:55:24 28 Jun 2022,2022-06-28
Joe Biden,All polls,6/27/2022,39.584732,43.819103,35.350361,55.635906,60.500823,50.770989,18:04:24 27 Jun 2022,2022-06-27
Joe Biden,All polls,6/26/2022,39.274688,43.554325,34.995051,56.075885,61.032434,51.119336,12:25:24 26 Jun 2022,2022-06-26
Joe Biden,All polls,6/25/2022,38.96428,43.25037,34.678191,55.517404,60.501883,50.532924,12:25:44 26 Jun 2022,2022-06-25
Joe Biden,All polls,6/24/2022,38.96428,43.25037,34.678191,55.517404,60.501883,50.532924,17:34:24 24 Jun 2022,2022-06-24
Joe Biden,All polls,6/23/2022,39.162691,43.440531,34.884851,55.385698,60.403761,50.367636,22:27:25 23 Jun 2022,2022-06-23
Joe Biden,All polls,6/22/2022,39.288474,43.566388,35.01056,55.039587,60.120124,49.95905,16:20:25 22 Jun 2022,2022-06-22
Joe Biden,All polls,6/21/2022,39.590016,43.664576,35.515455,54.769768,60.117297,49.422239,20:56:23 21 Jun 2022,2022-06-21
Joe Biden,All polls,6/20/2022,39.794917,43.940207,35.649627,54.253803,59.891485,48.61612,09:57:24 20 Jun 2022,2022-06-20
Joe Biden,All polls,6/19/2022,39.758598,43.897344,35.619852,54.213727,59.757034,48.670419,09:57:43 20 Jun 2022,2022-06-19
Joe Biden,All polls,6/18/2022,39.758598,43.897341,35.619856,54.213727,59.757035,48.670418,09:58:02 20 Jun 2022,2022-06-18
Joe Biden,All polls,6/17/2022,39.758598,43.897341,35.619856,54.213727,59.757035,48.670418,12:53:24 17 Jun 2022,2022-06-17
Joe Biden,All polls,6/16/2022,39.928989,44.096068,35.76191,54.278376,59.251275,49.305476,09:34:24 16 Jun 2022,2022-06-16
Joe Biden,All polls,6/15/2022,39.961779,44.165943,35.757614,54.099733,59.188996,49.01047,20:09:24 15 Jun 2022,2022-06-15
Joe Biden,All polls,6/14/2022,39.548197,43.842661,35.253733,53.888322,59.290759,48.485884,19:50:24 14 Jun 2022,2022-06-14
Joe Biden,All polls,6/13/2022,39.681999,44.025199,35.338798,53.654353,58.839416,48.46929,15:01:23 13 Jun 2022,2022-06-13
Joe Biden,All polls,6/12/2022,40.175366,44.539979,35.810754,53.574007,58.467509,48.680504,09:35:43 13 Jun 2022,2022-06-12
Joe Biden,All polls,6/11/2022,40.175366,44.539976,35.810757,53.574007,58.467509,48.680505,09:36:02 13 Jun 2022,2022-06-11
Joe Biden,All polls,6/10/2022,40.175366,44.539975,35.810758,53.574007,58.46751,48.680503,09:39:23 10 Jun 2022,2022-06-10
Joe Biden,All polls,6/9/2022,40.216003,44.557031,35.874974,53.536687,58.341478,48.731896,09:34:24  9 Jun 2022,2022-06-09
Joe Biden,All polls,6/8/2022,40.487038,45.015343,35.958732,53.559654,58.557874,48.561433,19:47:23  8 Jun 2022,2022-06-08
Joe Biden,All polls,6/7/2022,40.763455,44.423142,37.103767,53.87062,59.110319,48.63092,20:12:23  7 Jun 2022,2022-06-07
Joe Biden,All polls,6/6/2022,40.833948,44.502866,37.165031,53.545869,58.688094,48.403644,10:11:23  6 Jun 2022,2022-06-06
Joe Biden,All polls,6/5/2022,40.790767,44.5428,37.038735,53.661012,58.876427,48.445597,09:14:42  6 Jun 2022,2022-06-05
Joe Biden,All polls,6/4/2022,40.790767,44.542803,37.038732,53.661012,58.876426,48.445599,09:15:00  6 Jun 2022,2022-06-04
Joe Biden,All polls,6/3/2022,40.790767,44.542803,37.038732,53.661012,58.876426,48.445599,12:35:23  3 Jun 2022,2022-06-03
Joe Biden,All polls,6/2/2022,40.843425,44.698856,36.987993,53.877183,58.371256,49.38311,09:56:23  2 Jun 2022,2022-06-02
Joe Biden,All polls,6/1/2022,40.962675,44.916898,37.008452,53.766707,58.33549,49.197924,20:31:22  1 Jun 2022,2022-06-01
Joe Biden,All polls,5/31/2022,40.839516,44.857918,36.821114,54.005638,58.51039,49.500885,14:35:23 31 May 2022,2022-05-31
Joe Biden,All polls,5/30/2022,40.730834,44.712843,36.748826,54.074664,58.578203,49.571124,18:47:23 30 May 2022,2022-05-30
Joe Biden,All polls,5/27/2022,40.596371,44.517321,36.675422,54.180488,58.691594,49.669382,12:19:25 27 May 2022,2022-05-27
Joe Biden,All polls,5/26/2022,40.456767,44.392069,36.521465,54.282819,58.843944,49.721694,21:07:23 26 May 2022,2022-05-26
Joe Biden,All polls,5/25/2022,40.917994,44.904237,36.931751,54.406754,59.117216,49.696291,13:29:23 25 May 2022,2022-05-25
Joe Biden,All polls,5/24/2022,40.573911,44.587057,36.560765,54.928385,59.643415,50.213355,20:24:23 24 May 2022,2022-05-24
Joe Biden,All polls,5/23/2022,41.095699,45.088134,37.103264,54.48407,59.237599,49.730541,21:28:23 23 May 2022,2022-05-23
Joe Biden,All polls,5/22/2022,41.109417,45.202831,37.016002,54.251404,59.363416,49.139393,14:43:22 22 May 2022,2022-05-22
Joe Biden,All polls,5/21/2022,40.699837,44.689559,36.710115,53.859624,59.004228,48.71502,13:07:40 22 May 2022,2022-05-21
Joe Biden,All polls,5/20/2022,40.699837,44.689555,36.710119,53.859624,59.004228,48.715019,12:59:22 20 May 2022,2022-05-20
Joe Biden,All polls,5/19/2022,41.146003,45.225771,37.066234,53.398859,58.095738,48.70198,14:50:23 19 May 2022,2022-05-19
Joe Biden,All polls,5/18/2022,41.40222,45.666297,37.138142,53.014604,57.744046,48.285163,14:09:22 18 May 2022,2022-05-18
Joe Biden,All polls,5/17/2022,41.593401,45.404702,37.7821,52.805396,57.531609,48.079183,21:29:22 17 May 2022,2022-05-17
Joe Biden,All polls,5/16/2022,41.566004,45.308142,37.823865,52.630748,57.405298,47.856198,20:06:21 16 May 2022,2022-05-16
Joe Biden,All polls,5/15/2022,41.343442,44.991215,37.695669,52.808426,57.587127,48.029725,13:30:22 15 May 2022,2022-05-15
Joe Biden,All polls,5/13/2022,41.475064,45.131195,37.818932,52.561225,57.340955,47.781494,09:40:22 13 May 2022,2022-05-13
Joe Biden,All polls,5/12/2022,41.408156,45.063272,37.75304,52.633299,57.399868,47.86673,14:27:21 12 May 2022,2022-05-12
Joe Biden,All polls,5/11/2022,41.65522,45.277291,38.033149,52.182803,56.994289,47.371316,13:49:22 11 May 2022,2022-05-11
Joe Biden,All polls,5/10/2022,41.756196,45.403366,38.109026,52.162527,56.884777,47.440276,20:39:21 10 May 2022,2022-05-10
Joe Biden,All polls,5/9/2022,41.891624,45.551245,38.232004,52.061019,56.640311,47.481728,12:49:21  9 May 2022,2022-05-09
Joe Biden,All polls,5/8/2022,42.213284,45.917633,38.508935,52.384179,56.655588,48.11277,09:47:37  9 May 2022,2022-05-08
Joe Biden,All polls,5/6/2022,42.213284,45.917633,38.508934,52.384179,56.655587,48.112771,20:26:21  6 May 2022,2022-05-06
Joe Biden,All polls,5/5/2022,42.174097,45.802882,38.545313,52.468416,56.813018,48.123814,12:28:22  5 May 2022,2022-05-05
Joe Biden,All polls,5/4/2022,42.285548,45.973956,38.59714,52.472653,56.764282,48.181024,20:01:21  4 May 2022,2022-05-04
Joe Biden,All polls,5/3/2022,42.269926,46.083928,38.455925,52.190498,56.306725,48.074272,20:05:20  3 May 2022,2022-05-03
Joe Biden,All polls,5/2/2022,42.038905,45.737067,38.340743,52.294703,56.427117,48.162288,20:08:21  2 May 2022,2022-05-02
Joe Biden,All polls,5/1/2022,41.815639,45.499577,38.131702,52.131244,56.27769,47.984797,13:25:21  1 May 2022,2022-05-01
Joe Biden,All polls,4/29/2022,41.65856,45.409784,37.907335,52.27571,56.502911,48.048508,10:26:20 29 Apr 2022,2022-04-29
Joe Biden,All polls,4/28/2022,41.673762,45.53584,37.811683,52.518918,56.820149,48.217686,15:07:21 28 Apr 2022,2022-04-28
Joe Biden,All polls,4/27/2022,41.889315,45.881388,37.897241,52.674064,57.083146,48.264983,19:53:20 27 Apr 2022,2022-04-27
Joe Biden,All polls,4/26/2022,42.031747,46.106283,37.957211,53.106448,57.55193,48.660967,20:32:11 26 Apr 2022,2022-04-26
Joe Biden,All polls,4/25/2022,42.147687,46.29812,37.997254,53.121896,57.562634,48.681157,20:56:20 25 Apr 2022,2022-04-25
Joe Biden,All polls,4/24/2022,42.858244,47.237565,38.478922,53.073333,57.304539,48.842127,09:31:24 25 Apr 2022,2022-04-24
Joe Biden,All polls,4/23/2022,42.858244,47.237565,38.478922,53.073333,57.304539,48.842127,09:31:29 25 Apr 2022,2022-04-23
Joe Biden,All polls,4/22/2022,42.28249,46.578092,37.986888,53.022121,57.614887,48.429355,14:43:20 22 Apr 2022,2022-04-22
Joe Biden,All polls,4/21/2022,41.881572,46.316089,37.447054,52.587754,57.478199,47.697309,21:01:20 21 Apr 2022,2022-04-21
Joe Biden,All polls,4/20/2022,42.316331,46.996274,37.636388,51.862953,57.047536,46.67837,09:52:20 20 Apr 2022,2022-04-20
Joe Biden,All polls,4/19/2022,41.954295,46.684223,37.224368,52.014132,57.452187,46.576077,15:21:25 19 Apr 2022,2022-04-19
Joe Biden,All polls,4/18/2022,41.839502,46.487724,37.191281,51.936151,57.513535,46.358768,09:48:19 18 Apr 2022,2022-04-18
Joe Biden,All polls,4/17/2022,42.183528,46.933559,37.433498,52.777577,57.655438,47.899715,09:28:25 18 Apr 2022,2022-04-17
Joe Biden,All polls,4/16/2022,42.183528,46.933559,37.433498,52.777577,57.655438,47.899715,09:28:30 18 Apr 2022,2022-04-16
Joe Biden,All polls,4/15/2022,41.59675,46.142072,37.051428,52.195442,57.836823,46.554062,09:39:19 15 Apr 2022,2022-04-15
Joe Biden,All polls,4/14/2022,41.527174,46.065692,36.988655,52.194981,57.766991,46.622971,09:46:20 14 Apr 2022,2022-04-14
Joe Biden,All polls,4/13/2022,41.623701,46.264065,36.983337,52.140255,57.796679,46.483832,15:42:22 13 Apr 2022,2022-04-13
Joe Biden,All polls,4/12/2022,42.221226,46.283904,38.158547,52.172619,58.016402,46.328837,09:47:19 12 Apr 2022,2022-04-12
Joe Biden,All polls,4/11/2022,42.143314,46.171687,38.11494,52.197046,57.985544,46.408549,20:06:22 11 Apr 2022,2022-04-11
Joe Biden,All polls,4/10/2022,41.897291,46.090127,37.704455,53.175819,57.924314,48.427325,16:07:19 10 Apr 2022,2022-04-10
Joe Biden,All polls,4/9/2022,41.759641,46.004624,37.514658,52.518591,57.095405,47.941777,16:06:33 10 Apr 2022,2022-04-09
Joe Biden,All polls,4/8/2022,41.759641,46.004621,37.514661,52.518591,57.095408,47.941775,09:50:19  8 Apr 2022,2022-04-08
Joe Biden,All polls,4/7/2022,41.820749,46.076754,37.564744,52.456541,56.940718,47.972364,22:00:22  7 Apr 2022,2022-04-07
Joe Biden,All polls,4/6/2022,41.602444,45.883725,37.321164,52.726759,57.032258,48.42126,16:34:19  6 Apr 2022,2022-04-06
Joe Biden,All polls,4/5/2022,41.390237,45.826924,36.95355,52.96484,57.558336,48.371343,19:57:18  5 Apr 2022,2022-04-05
Joe Biden,All polls,4/4/2022,41.199149,45.509007,36.889291,53.013007,57.499101,48.526912,09:40:19  4 Apr 2022,2022-04-04
Joe Biden,All polls,4/3/2022,41.056628,45.365128,36.748128,53.142867,57.666441,48.619294,09:40:33  4 Apr 2022,2022-04-03
Joe Biden,All polls,4/2/2022,41.056628,45.365127,36.748129,53.142867,57.666442,48.619293,09:40:47  4 Apr 2022,2022-04-02
Joe Biden,All polls,4/1/2022,41.056628,45.365126,36.74813,53.142867,57.666441,48.619293,10:19:19  1 Apr 2022,2022-04-01
Joe Biden,All polls,3/31/2022,41.15805,45.43222,36.88388,53.062856,57.524993,48.600718,14:51:19 31 Mar 2022,2022-03-31
Joe Biden,All polls,3/30/2022,41.263377,45.657102,36.869652,53.0029,57.617311,48.38849,14:06:18 30 Mar 2022,2022-03-30
Joe Biden,All polls,3/29/2022,41.255556,45.614305,36.896807,53.194495,57.679557,48.709433,20:15:25 29 Mar 2022,2022-03-29
Joe Biden,All polls,3/28/2022,41.658699,46.128223,37.189175,53.067968,57.709133,48.426803,20:09:19 28 Mar 2022,2022-03-28
Joe Biden,All polls,3/27/2022,41.957127,46.295741,37.618513,52.874142,57.530981,48.217303,13:05:18 27 Mar 2022,2022-03-27
Joe Biden,All polls,3/26/2022,42.017604,46.396968,37.63824,52.758769,57.460743,48.056796,13:04:32 27 Mar 2022,2022-03-26
Joe Biden,All polls,3/25/2022,42.017604,46.396969,37.638239,52.758769,57.460743,48.056795,09:42:18 25 Mar 2022,2022-03-25
Joe Biden,All polls,3/24/2022,41.879023,46.274733,37.483313,52.899974,57.634667,48.16528,18:30:26 24 Mar 2022,2022-03-24
Joe Biden,All polls,3/23/2022,41.963592,46.56438,37.362803,52.446077,56.930596,47.961559,20:22:17 23 Mar 2022,2022-03-23
Joe Biden,All polls,3/22/2022,42.226836,46.310173,38.143499,52.787718,57.408553,48.166883,16:32:17 22 Mar 2022,2022-03-22
Joe Biden,All polls,3/21/2022,42.262355,46.463789,38.06092,52.840456,57.498408,48.182504,15:08:17 21 Mar 2022,2022-03-21
Joe Biden,All polls,3/20/2022,41.984999,46.118923,37.851075,53.015906,57.711251,48.32056,09:32:30 21 Mar 2022,2022-03-20
Joe Biden,All polls,3/18/2022,41.984894,46.118709,37.851079,53.016254,57.711647,48.320861,09:35:18 18 Mar 2022,2022-03-18
Joe Biden,All polls,3/17/2022,42.152031,46.218164,38.085898,52.901818,57.460064,48.343572,11:50:18 17 Mar 2022,2022-03-17
Joe Biden,All polls,3/16/2022,42.627081,46.76959,38.484572,52.541655,57.180871,47.902438,14:54:18 16 Mar 2022,2022-03-16
Joe Biden,All polls,3/15/2022,42.782736,46.895377,38.670095,52.491983,57.289105,47.694861,21:03:17 15 Mar 2022,2022-03-15
Joe Biden,All polls,3/14/2022,42.910164,47.293153,38.527174,51.989336,57.130943,46.847728,21:52:17 14 Mar 2022,2022-03-14
Joe Biden,All polls,3/13/2022,42.966955,47.33219,38.601719,51.977093,57.073773,46.880412,17:53:17 13 Mar 2022,2022-03-13
Joe Biden,All polls,3/12/2022,42.720299,47.112319,38.328278,51.278757,56.349131,46.208382,15:16:29 13 Mar 2022,2022-03-12
Joe Biden,All polls,3/11/2022,42.720299,47.112321,38.328277,51.278757,56.34913,46.208383,09:49:17 11 Mar 2022,2022-03-11
Joe Biden,All polls,3/10/2022,42.233597,46.792479,37.674715,51.597742,56.824222,46.371261,21:46:16 10 Mar 2022,2022-03-10
Joe Biden,All polls,3/9/2022,42.6547,47.218856,38.090543,51.371491,56.488582,46.2544,11:18:16  9 Mar 2022,2022-03-09
Joe Biden,All polls,3/8/2022,42.62412,47.291789,37.95645,51.65432,56.768342,46.540298,19:38:16  8 Mar 2022,2022-03-08
Joe Biden,All polls,3/7/2022,42.131551,46.502921,37.760181,51.894619,56.865,46.924238,19:48:16  7 Mar 2022,2022-03-07
Joe Biden,All polls,3/6/2022,42.571044,46.90423,38.237859,52.372883,57.194807,47.550959,08:58:28  7 Mar 2022,2022-03-06
Joe Biden,All polls,3/5/2022,42.571044,46.904231,38.237858,52.372883,57.194807,47.55096,08:58:40  7 Mar 2022,2022-03-05
Joe Biden,All polls,3/4/2022,42.571044,46.90423,38.237859,52.372883,57.194809,47.550958,12:25:16  4 Mar 2022,2022-03-04
Joe Biden,All polls,3/3/2022,41.633145,45.686017,37.580272,52.871009,57.706461,48.035558,10:01:16  3 Mar 2022,2022-03-03
Joe Biden,All polls,3/2/2022,41.486461,45.554265,37.418656,53.084847,57.960729,48.208965,21:33:16  2 Mar 2022,2022-03-02
Joe Biden,All polls,3/1/2022,41.080297,45.224259,36.936335,53.56459,58.386286,48.742895,20:24:16  1 Mar 2022,2022-03-01
Joe Biden,All polls,2/28/2022,40.91491,45.00819,36.82162,53.25618,58.13985,48.3725,17:03:08 28 Feb 2022,2022-02-28
Joe Biden,All polls,2/27/2022,40.446734,44.562353,36.331115,53.334854,58.35348,48.316228,13:01:21 27 Feb 2022,2022-02-27
Joe Biden,All polls,2/26/2022,40.829729,44.854509,36.804949,53.204947,58.360925,48.04897,13:01:33 27 Feb 2022,2022-02-26
Joe Biden,All polls,2/25/2022,40.829729,44.85451,36.804949,53.204947,58.360924,48.048971,16:28:16 25 Feb 2022,2022-02-25
Joe Biden,All polls,2/24/2022,42.058835,45.962954,38.154716,52.695602,58.083607,47.307598,21:56:17 24 Feb 2022,2022-02-24
Joe Biden,All polls,2/23/2022,42.38701,46.65647,38.11755,52.665503,57.446388,47.884619,15:34:16 23 Feb 2022,2022-02-23
Joe Biden,All polls,2/22/2022,42.27975,46.607595,37.951906,52.91648,57.727078,48.105882,20:35:17 22 Feb 2022,2022-02-22
Joe Biden,All polls,2/21/2022,41.818455,46.12326,37.513649,53.612687,58.587615,48.63776,09:09:29 22 Feb 2022,2022-02-21
Joe Biden,All polls,2/20/2022,41.818455,46.123261,37.513649,53.612687,58.587614,48.63776,13:15:17 20 Feb 2022,2022-02-20
Joe Biden,All polls,2/19/2022,41.551476,45.870104,37.232848,53.11246,58.075253,48.149668,13:15:28 20 Feb 2022,2022-02-19
Joe Biden,All polls,2/18/2022,41.551476,45.870103,37.232849,53.11246,58.075255,48.149666,13:15:17 18 Feb 2022,2022-02-18
Joe Biden,All polls,2/17/2022,41.409608,45.786576,37.032639,52.994473,57.836258,48.152687,14:52:26 17 Feb 2022,2022-02-17
Joe Biden,All polls,2/16/2022,41.392334,45.861882,36.922786,53.029,57.885694,48.172307,14:03:16 16 Feb 2022,2022-02-16
Joe Biden,All polls,2/15/2022,41.782467,45.793561,37.771373,53.053521,58.080048,48.026994,20:46:17 15 Feb 2022,2022-02-15
Joe Biden,All polls,2/14/2022,41.882885,45.773132,37.992638,53.055159,57.849871,48.260447,09:39:16 14 Feb 2022,2022-02-14
Joe Biden,All polls,2/13/2022,41.841193,45.732865,37.94952,53.080039,57.811645,48.348432,13:12:17 13 Feb 2022,2022-02-13
Joe Biden,All polls,2/12/2022,41.406609,45.251276,37.561942,52.526258,57.216793,47.835724,13:12:28 13 Feb 2022,2022-02-12
Joe Biden,All polls,2/11/2022,41.406609,45.251276,37.561942,52.526258,57.216792,47.835724,13:21:15 11 Feb 2022,2022-02-11
Joe Biden,All polls,2/10/2022,41.253343,45.17389,37.332796,52.582846,57.325271,47.840421,16:31:17 10 Feb 2022,2022-02-10
Joe Biden,All polls,2/9/2022,41.320259,45.320664,37.319853,52.585093,57.453151,47.717036,21:39:15  9 Feb 2022,2022-02-09
Joe Biden,All polls,2/8/2022,41.204865,45.318025,37.091705,52.792044,57.812297,47.771792,19:56:16  8 Feb 2022,2022-02-08
Joe Biden,All polls,2/7/2022,41.183821,45.421655,36.945988,52.768244,57.829957,47.70653,20:15:16  7 Feb 2022,2022-02-07
Joe Biden,All polls,2/6/2022,41.669076,45.783274,37.554878,52.83967,57.657765,48.021575,09:45:27  7 Feb 2022,2022-02-06
Joe Biden,All polls,2/5/2022,41.669076,45.783273,37.554878,52.83967,57.657767,48.021572,09:45:38  7 Feb 2022,2022-02-05
Joe Biden,All polls,2/4/2022,41.669076,45.783273,37.554879,52.83967,57.657767,48.021573,09:34:16  4 Feb 2022,2022-02-04
Joe Biden,All polls,2/3/2022,41.518084,45.643401,37.392768,52.991626,57.877959,48.105293,20:47:16  3 Feb 2022,2022-02-03
Joe Biden,All polls,2/2/2022,41.768699,46.025826,37.511571,52.590172,57.609997,47.570347,14:50:16  2 Feb 2022,2022-02-02
Joe Biden,All polls,2/1/2022,41.66749,46.025838,37.309141,53.179792,58.035676,48.323908,11:28:15  1 Feb 2022,2022-02-01
Joe Biden,All polls,1/31/2022,41.810834,46.122339,37.499329,53.021005,57.771036,48.270974,13:06:16 31 Jan 2022,2022-01-31
Joe Biden,All polls,1/30/2022,41.776847,46.089283,37.464412,53.055882,57.750377,48.361386,09:46:26 31 Jan 2022,2022-01-30
Joe Biden,All polls,1/29/2022,41.776847,46.089284,37.46441,53.055882,57.750375,48.361388,20:44:16 29 Jan 2022,2022-01-29
Joe Biden,All polls,1/28/2022,41.766982,46.126771,37.407193,52.947264,57.662641,48.231888,14:12:16 28 Jan 2022,2022-01-28
Joe Biden,All polls,1/27/2022,41.844844,46.335289,37.354399,53.181218,57.914117,48.448318,20:52:15 27 Jan 2022,2022-01-27
Joe Biden,All polls,1/26/2022,41.220621,45.618493,36.82275,53.672181,58.551024,48.793339,18:51:15 26 Jan 2022,2022-01-26
Joe Biden,All polls,1/25/2022,41.462397,45.753642,37.171153,53.90815,58.872506,48.943794,14:31:15 25 Jan 2022,2022-01-25
Joe Biden,All polls,1/24/2022,41.294856,45.711148,36.878564,53.514938,58.533505,48.496371,19:55:15 24 Jan 2022,2022-01-24
Joe Biden,All polls,1/23/2022,42.317826,46.785888,37.849765,53.365934,58.544633,48.187235,12:42:15 23 Jan 2022,2022-01-23
Joe Biden,All polls,1/22/2022,41.885124,46.181036,37.589212,53.533606,58.846472,48.220741,12:42:25 23 Jan 2022,2022-01-22
Joe Biden,All polls,1/21/2022,41.885124,46.181036,37.589212,53.533606,58.846472,48.22074,09:40:16 21 Jan 2022,2022-01-21
Joe Biden,All polls,1/20/2022,41.864061,46.25551,37.472613,53.410299,58.832942,47.987655,21:04:15 20 Jan 2022,2022-01-20
Joe Biden,All polls,1/19/2022,41.894207,46.639645,37.148768,52.523996,58.250367,46.797626,17:31:15 19 Jan 2022,2022-01-19
Joe Biden,All polls,1/18/2022,42.283877,47.168263,37.399491,52.446433,58.254365,46.638501,20:35:15 18 Jan 2022,2022-01-18
Joe Biden,All polls,1/17/2022,42.512677,47.609423,37.415931,52.149928,57.960332,46.339524,12:18:14 17 Jan 2022,2022-01-17
Joe Biden,All polls,1/16/2022,42.527298,47.625263,37.429333,52.113033,57.803625,46.422442,13:18:14 16 Jan 2022,2022-01-16
Joe Biden,All polls,1/15/2022,42.191538,47.379959,37.003116,51.478173,57.131323,45.825023,13:18:24 16 Jan 2022,2022-01-15
Joe Biden,All polls,1/14/2022,42.191538,47.379959,37.003116,51.478173,57.131322,45.825024,14:09:15 14 Jan 2022,2022-01-14
Joe Biden,All polls,1/13/2022,42.391193,47.660928,37.121459,51.378679,57.001789,45.755569,20:36:14 13 Jan 2022,2022-01-13
Joe Biden,All polls,1/12/2022,42.230515,47.520817,36.940212,51.617276,57.258056,45.976496,14:17:15 12 Jan 2022,2022-01-12
Joe Biden,All polls,1/11/2022,43.037834,47.234924,38.840745,51.582477,57.639352,45.525602,09:54:14 11 Jan 2022,2022-01-11
Joe Biden,All polls,1/10/2022,43.096122,47.243485,38.948759,51.528642,57.475757,45.581528,15:02:15 10 Jan 2022,2022-01-10
Joe Biden,All polls,1/9/2022,42.879552,47.242636,38.516468,51.851631,57.048661,46.654601,09:32:23 10 Jan 2022,2022-01-09
Joe Biden,All polls,1/8/2022,42.879552,47.242636,38.516468,51.851631,57.04866,46.654601,09:32:33 10 Jan 2022,2022-01-08
Joe Biden,All polls,1/7/2022,42.879552,47.242636,38.516468,51.851631,57.04866,46.654601,10:50:15  7 Jan 2022,2022-01-07
Joe Biden,All polls,1/6/2022,42.89721,47.292676,38.501744,51.723361,56.950278,46.496444,16:19:14  6 Jan 2022,2022-01-06
Joe Biden,All polls,1/5/2022,43.093347,47.769845,38.416848,51.580387,56.960299,46.200476,11:52:14  5 Jan 2022,2022-01-05
Joe Biden,All polls,1/4/2022,43.291771,48.151265,38.432278,51.685895,57.151198,46.220592,14:18:14  4 Jan 2022,2022-01-04
Joe Biden,All polls,1/3/2022,43.453177,48.464355,38.442,51.611022,57.433406,45.788639,09:43:14  3 Jan 2022,2022-01-03
Joe Biden,All polls,1/2/2022,43.348077,47.923466,38.772688,51.600256,57.134359,46.066153,09:43:23  3 Jan 2022,2022-01-02
Joe Biden,All polls,1/1/2022,43.348077,47.923465,38.772688,51.600256,57.13436,46.066152,09:43:31  3 Jan 2022,2022-01-01
Joe Biden,All polls,12/31/2021,43.34409,47.919238,38.768942,51.604232,57.13839,46.070073,09:12:14 31 Dec 2021,2021-12-31
Joe Biden,All polls,12/30/2021,43.369715,47.938583,38.800847,51.57065,57.041282,46.100017,09:43:13 30 Dec 2021,2021-12-30
Joe Biden,All polls,12/29/2021,43.105517,47.640352,38.570682,51.750632,57.320214,46.181051,09:33:14 29 Dec 2021,2021-12-29
Joe Biden,All polls,12/28/2021,43.076009,47.605901,38.546116,51.74528,57.205542,46.285018,09:38:15 28 Dec 2021,2021-12-28
Joe Biden,All polls,12/27/2021,42.99479,47.545743,38.443837,51.747572,57.158565,46.336578,09:34:13 27 Dec 2021,2021-12-27
Joe Biden,All polls,12/26/2021,43.25585,47.754746,38.756954,51.543636,56.872677,46.214595,08:50:24 27 Dec 2021,2021-12-26
Joe Biden,All polls,12/25/2021,43.25585,47.754745,38.756954,51.543636,56.872678,46.214594,08:50:33 27 Dec 2021,2021-12-25
Joe Biden,All polls,12/24/2021,43.25585,47.754745,38.756954,51.543636,56.872678,46.214594,08:50:41 27 Dec 2021,2021-12-24
Joe Biden,All polls,12/23/2021,43.25585,47.754746,38.756953,51.543636,56.872678,46.214594,15:05:14 23 Dec 2021,2021-12-23
Joe Biden,All polls,12/22/2021,43.393962,47.918782,38.869142,51.437616,56.700127,46.175106,12:21:14 22 Dec 2021,2021-12-22
Joe Biden,All polls,12/21/2021,43.664251,48.167267,39.161235,51.751454,56.896447,46.60646,20:53:13 21 Dec 2021,2021-12-21
Joe Biden,All polls,12/20/2021,43.450916,48.090072,38.811761,51.933969,57.212336,46.655601,13:22:13 20 Dec 2021,2021-12-20
Joe Biden,All polls,12/19/2021,43.93048,48.73667,39.124289,50.528406,55.718758,45.338054,09:28:22 20 Dec 2021,2021-12-19
Joe Biden,All polls,12/18/2021,43.93048,48.73667,39.124289,50.528406,55.718758,45.338054,09:28:30 20 Dec 2021,2021-12-18
Joe Biden,All polls,12/17/2021,43.93048,48.736675,39.124284,50.528406,55.718758,45.338055,16:48:13 17 Dec 2021,2021-12-17
Joe Biden,All polls,12/16/2021,43.705067,48.46924,38.940894,50.740676,55.771966,45.709385,15:07:13 16 Dec 2021,2021-12-16
Joe Biden,All polls,12/15/2021,43.837404,48.610063,39.064745,50.636105,55.566232,45.705979,20:27:13 15 Dec 2021,2021-12-15
Joe Biden,All polls,12/14/2021,43.331325,48.090646,38.572004,50.71889,56.052295,45.385485,14:02:14 14 Dec 2021,2021-12-14
Joe Biden,All polls,12/13/2021,43.074321,47.680354,38.468287,50.661553,56.023828,45.299278,09:38:13 13 Dec 2021,2021-12-13
Joe Biden,All polls,12/12/2021,43.025095,47.65871,38.391481,50.676902,56.022878,45.330925,09:38:21 13 Dec 2021,2021-12-12
Joe Biden,All polls,12/11/2021,43.025095,47.658713,38.391478,50.676902,56.022878,45.330925,09:38:29 13 Dec 2021,2021-12-11
Joe Biden,All polls,12/10/2021,43.025095,47.65871,38.391481,50.676902,56.022881,45.330922,21:00:18 10 Dec 2021,2021-12-10
Joe Biden,All polls,12/9/2021,42.568008,47.018086,38.117931,50.989003,56.36952,45.608487,13:02:13  9 Dec 2021,2021-12-09
Joe Biden,All polls,12/8/2021,42.522661,46.782776,38.262547,51.329697,57.009081,45.650313,11:56:12  8 Dec 2021,2021-12-08
Joe Biden,All polls,12/7/2021,42.821155,47.015478,38.626832,51.273021,57.213313,45.332729,20:13:13  7 Dec 2021,2021-12-07
Joe Biden,All polls,12/6/2021,42.680474,46.907887,38.453062,50.913629,56.788296,45.038961,20:29:15  6 Dec 2021,2021-12-06
Joe Biden,All polls,12/5/2021,42.6072,47.088182,38.126217,51.643644,57.052333,46.234954,09:39:21  6 Dec 2021,2021-12-05
Joe Biden,All polls,12/4/2021,42.6072,47.088182,38.126217,51.643644,57.052333,46.234954,09:39:28  6 Dec 2021,2021-12-04
Joe Biden,All polls,12/3/2021,42.6072,47.088179,38.126221,51.643644,57.052333,46.234954,09:31:13  3 Dec 2021,2021-12-03
Joe Biden,All polls,12/2/2021,42.616224,47.120686,38.111762,51.620404,56.985422,46.255386,21:34:13  2 Dec 2021,2021-12-02
Joe Biden,All polls,12/1/2021,42.349388,46.893439,37.805337,51.489896,57.018425,45.961366,13:15:13  1 Dec 2021,2021-12-01
Joe Biden,All polls,11/30/2021,42.869872,47.169147,38.570598,51.284809,56.438589,46.131029,20:29:25 30 Nov 2021,2021-11-30
Joe Biden,All polls,11/29/2021,42.725346,46.895052,38.555641,51.361603,56.445776,46.277431,20:51:13 29 Nov 2021,2021-11-29
Joe Biden,All polls,11/28/2021,42.865003,47.170509,38.559498,51.806104,56.675612,46.936597,09:17:21 29 Nov 2021,2021-11-28
Joe Biden,All polls,11/27/2021,42.865003,47.170502,38.559505,51.806104,56.675612,46.936596,09:17:28 29 Nov 2021,2021-11-27
Joe Biden,All polls,11/26/2021,42.865003,47.170502,38.559505,51.806104,56.675612,46.936596,09:17:35 29 Nov 2021,2021-11-26
Joe Biden,All polls,11/25/2021,42.865003,47.170502,38.559504,51.806104,56.675615,46.936594,09:17:43 29 Nov 2021,2021-11-25
Joe Biden,All polls,11/24/2021,42.865003,47.170502,38.559504,51.806104,56.675615,46.936594,11:41:12 24 Nov 2021,2021-11-24
Joe Biden,All polls,11/23/2021,42.903037,47.377148,38.428926,52.269821,57.162894,47.376748,20:21:12 23 Nov 2021,2021-11-23
Joe Biden,All polls,11/22/2021,42.762737,47.338815,38.186659,52.240825,57.245516,47.236133,14:23:12 22 Nov 2021,2021-11-22
Joe Biden,All polls,11/21/2021,42.759668,47.352689,38.166647,52.278773,57.266732,47.290815,13:25:13 21 Nov 2021,2021-11-21
Joe Biden,All polls,11/20/2021,42.526121,47.168273,37.883969,51.775293,56.738722,46.811863,13:25:20 21 Nov 2021,2021-11-20
Joe Biden,All polls,11/19/2021,42.526121,47.168274,37.883969,51.775293,56.738725,46.81186,14:55:13 19 Nov 2021,2021-11-19
Joe Biden,All polls,11/18/2021,42.483309,47.209813,37.756804,51.686698,56.720829,46.652568,21:20:13 18 Nov 2021,2021-11-18
Joe Biden,All polls,11/17/2021,42.956841,47.299584,38.614097,51.598342,56.716966,46.479718,09:39:12 17 Nov 2021,2021-11-17
Joe Biden,All polls,11/16/2021,42.836017,47.296209,38.375824,51.664529,56.73299,46.596068,09:42:12 16 Nov 2021,2021-11-16
Joe Biden,All polls,11/15/2021,42.912122,47.378084,38.44616,51.609069,56.64954,46.568597,20:17:12 15 Nov 2021,2021-11-15
Joe Biden,All polls,11/14/2021,42.679897,47.145461,38.214332,51.603303,56.677915,46.528691,13:13:12 14 Nov 2021,2021-11-14
Joe Biden,All polls,11/13/2021,42.810891,47.373799,38.247982,51.43519,56.635982,46.234399,13:13:19 14 Nov 2021,2021-11-13
Joe Biden,All polls,11/12/2021,42.810891,47.373795,38.247986,51.43519,56.635982,46.234398,16:09:11 12 Nov 2021,2021-11-12
Joe Biden,All polls,11/11/2021,42.538759,47.083382,37.994136,51.587632,56.858479,46.316784,12:28:11 11 Nov 2021,2021-11-11
Joe Biden,All polls,11/10/2021,42.651123,47.337107,37.965139,51.337574,56.725778,45.94937,20:20:13 10 Nov 2021,2021-11-10
Joe Biden,All polls,11/9/2021,42.842128,47.492442,38.191814,51.577108,57.214309,45.939907,09:39:12  9 Nov 2021,2021-11-09
Joe Biden,All polls,11/8/2021,42.751221,47.395607,38.106834,51.25495,56.824881,45.685019,12:50:12  8 Nov 2021,2021-11-08
Joe Biden,All polls,11/7/2021,42.554764,47.100401,38.009127,51.101013,56.651221,45.550806,13:54:16  7 Nov 2021,2021-11-07
Joe Biden,All polls,11/6/2021,42.934132,47.343508,38.524757,50.399428,55.533242,45.265613,13:54:22  7 Nov 2021,2021-11-06
Joe Biden,All polls,11/5/2021,42.934132,47.343508,38.524757,50.399428,55.533242,45.265613,13:00:17  5 Nov 2021,2021-11-05
Joe Biden,All polls,11/4/2021,43.039544,47.553906,38.525183,50.377122,55.638125,45.116119,20:33:23  4 Nov 2021,2021-11-04
Joe Biden,All polls,11/3/2021,42.907958,47.350679,38.465238,50.720721,55.933161,45.508282,11:58:11  3 Nov 2021,2021-11-03
Joe Biden,All polls,11/2/2021,42.8065,47.28708,38.32593,50.80684,56.13243,45.48125,11:58:12  2 Nov 2021,2021-11-02
Joe Biden,All polls,11/1/2021,42.87445,47.37774,38.37115,50.72952,56.12373,45.3353,13:58:11  1 Nov 2021,2021-11-01
Joe Biden,All polls,10/31/2021,43.01981,47.39532,38.6443,51.20585,56.44773,45.96397,12:39:11 31 Oct 2021,2021-10-31
Joe Biden,All polls,10/30/2021,43.03038,47.4591,38.60166,50.98335,56.26618,45.70052,10:46:11 30 Oct 2021,2021-10-30
Joe Biden,All polls,10/29/2021,43.06408,47.54195,38.58621,50.83033,56.16839,45.49226,13:50:11 29 Oct 2021,2021-10-29
Joe Biden,All polls,10/28/2021,43.66801,48.2559,39.08013,51.114,56.443,45.785,21:13:11 28 Oct 2021,2021-10-28
Joe Biden,All polls,10/27/2021,43.59288,48.31599,38.86977,50.81155,56.51059,45.11251,18:12:00 27 Oct 2021,2021-10-27
Joseph R. Biden Jr.,All polls,10/26/2021,43.43942,48.26361,38.61523,50.879222,56.633558,45.124885,09:40:11 26 Oct 2021,2021-10-26
Joseph R. Biden Jr.,All polls,10/25/2021,43.587417,48.459307,38.715527,50.567858,56.31376,44.821957,15:38:10 25 Oct 2021,2021-10-25
Joseph R. Biden Jr.,All polls,10/24/2021,43.367714,48.310114,38.425313,50.663637,56.49928,44.827994,09:47:17 25 Oct 2021,2021-10-24
Joseph R. Biden Jr.,All polls,10/23/2021,43.367714,48.310114,38.425313,50.663637,56.49928,44.827994,09:47:23 25 Oct 2021,2021-10-23
Joseph R. Biden Jr.,All polls,10/22/2021,43.367714,48.310113,38.425315,50.663637,56.499281,44.827993,20:48:09 22 Oct 2021,2021-10-22
Joseph R. Biden Jr.,All polls,10/21/2021,43.6782,48.640731,38.715668,50.031802,55.64622,44.417385,17:15:12 21 Oct 2021,2021-10-21
Joseph R. Biden Jr.,All polls,10/20/2021,43.755654,48.92524,38.586069,50.49311,55.998841,44.987378,20:39:09 20 Oct 2021,2021-10-20
Joseph R. Biden Jr.,All polls,10/19/2021,44.135183,49.476464,38.793901,49.876005,55.826772,43.925238,16:01:10 19 Oct 2021,2021-10-19
Joseph R. Biden Jr.,All polls,10/18/2021,44.791539,49.680321,39.902757,49.528775,55.768337,43.289212,09:38:10 18 Oct 2021,2021-10-18
Joseph R. Biden Jr.,All polls,10/17/2021,44.8352,49.698954,39.971447,49.52763,55.720314,43.334946,09:16:17 18 Oct 2021,2021-10-17
Joseph R. Biden Jr.,All polls,10/16/2021,44.8352,49.698968,39.971433,49.52763,55.720313,43.334947,09:16:23 18 Oct 2021,2021-10-16
Joseph R. Biden Jr.,All polls,10/15/2021,44.8352,49.698968,39.971433,49.52763,55.720313,43.334947,13:12:11 15 Oct 2021,2021-10-15
Joseph R. Biden Jr.,All polls,10/14/2021,44.681045,49.607911,39.754179,49.612237,55.858775,43.3657,21:09:10 14 Oct 2021,2021-10-14
Joseph R. Biden Jr.,All polls,10/13/2021,44.62828,49.635022,39.621538,49.58661,55.911377,43.261843,12:47:10 13 Oct 2021,2021-10-13
Joseph R. Biden Jr.,All polls,10/12/2021,44.527251,49.511127,39.543376,49.177334,55.799055,42.555614,09:33:11 12 Oct 2021,2021-10-12
Joseph R. Biden Jr.,All polls,10/11/2021,44.585767,49.541046,39.630488,49.198061,55.798628,42.597494,14:30:13 11 Oct 2021,2021-10-11
Joseph R. Biden Jr.,All polls,10/10/2021,44.671535,49.564586,39.778483,49.039924,55.492872,42.586976,12:59:10 10 Oct 2021,2021-10-10
Joseph R. Biden Jr.,All polls,10/9/2021,43.953319,48.676896,39.229741,48.902334,55.469249,42.33542,12:59:15 10 Oct 2021,2021-10-09
Joseph R. Biden Jr.,All polls,10/8/2021,43.953319,48.676896,39.229741,48.902334,55.469249,42.33542,14:03:11  8 Oct 2021,2021-10-08
Joseph R. Biden Jr.,All polls,10/7/2021,44.350724,48.995211,39.706237,48.232252,54.593738,41.870766,21:01:10  7 Oct 2021,2021-10-07
Joseph R. Biden Jr.,All polls,10/6/2021,44.143048,48.823562,39.462535,48.811787,54.767054,42.85652,20:00:11  6 Oct 2021,2021-10-06
Joseph R. Biden Jr.,All polls,10/5/2021,44.772521,49.060815,40.484226,47.96538,54.166434,41.764327,20:25:09  5 Oct 2021,2021-10-05
Joseph R. Biden Jr.,All polls,10/4/2021,44.817262,49.089776,40.544748,47.846172,54.00567,41.686673,13:15:09  4 Oct 2021,2021-10-04
Joseph R. Biden Jr.,All polls,10/3/2021,44.994972,49.411342,40.578603,48.881069,54.452156,43.309981,20:34:10  3 Oct 2021,2021-10-03
Joseph R. Biden Jr.,All polls,10/2/2021,44.972914,49.438682,40.507146,48.700901,54.313456,43.088347,20:34:15  3 Oct 2021,2021-10-02
Joseph R. Biden Jr.,All polls,10/1/2021,44.972914,49.438682,40.507146,48.700901,54.313456,43.088347,10:23:09  1 Oct 2021,2021-10-01
Joseph R. Biden Jr.,All polls,9/30/2021,44.877784,49.233937,40.52163,48.686749,54.399315,42.974184,23:12:10 30 Sep 2021,2021-09-30
Joseph R. Biden Jr.,All polls,9/29/2021,44.927912,49.426669,40.429155,48.967056,54.782887,43.151226,09:51:08 29 Sep 2021,2021-09-29
Joseph R. Biden Jr.,All polls,9/28/2021,45.300747,49.713487,40.888006,48.891268,54.973453,42.809083,09:39:10 28 Sep 2021,2021-09-28
Joseph R. Biden Jr.,All polls,9/27/2021,45.278279,49.715979,40.840579,48.821859,54.855937,42.787781,21:03:09 27 Sep 2021,2021-09-27
Joseph R. Biden Jr.,All polls,9/26/2021,45.634022,49.935853,41.33219,49.03955,54.759084,43.320016,09:35:42 27 Sep 2021,2021-09-26
Joseph R. Biden Jr.,All polls,9/25/2021,45.634022,49.935853,41.33219,49.03955,54.759084,43.320016,09:35:46 27 Sep 2021,2021-09-25
Joseph R. Biden Jr.,All polls,9/24/2021,45.633941,49.935638,41.332243,49.03937,54.759062,43.319678,14:49:08 24 Sep 2021,2021-09-24
Joseph R. Biden Jr.,All polls,9/23/2021,45.786628,49.956966,41.616289,48.709127,54.402642,43.015612,14:35:08 23 Sep 2021,2021-09-23
Joseph R. Biden Jr.,All polls,9/22/2021,46.327145,50.680866,41.973425,48.953062,53.964711,43.941413,17:27:09 22 Sep 2021,2021-09-22
Joseph R. Biden Jr.,All polls,9/21/2021,46.508264,51.044045,41.972482,48.922556,54.004222,43.84089,16:18:09 21 Sep 2021,2021-09-21
Joseph R. Biden Jr.,All polls,9/20/2021,46.004901,50.210283,41.799518,49.171275,54.213578,44.128973,13:32:09 20 Sep 2021,2021-09-20
Joseph R. Biden Jr.,All polls,9/19/2021,46.080748,50.302378,41.859118,48.786769,53.889329,43.684209,13:37:08 19 Sep 2021,2021-09-19
Joseph R. Biden Jr.,All polls,9/18/2021,45.678538,49.757905,41.59917,48.812118,54.053601,43.570635,13:37:12 19 Sep 2021,2021-09-18
Joseph R. Biden Jr.,All polls,9/17/2021,45.678538,49.757896,41.59918,48.812118,54.053602,43.570634,13:01:54 17 Sep 2021,2021-09-17
Joseph R. Biden Jr.,All polls,9/16/2021,45.688091,49.753436,41.622746,48.77947,54.016228,43.542712,19:01:08 16 Sep 2021,2021-09-16
Joseph R. Biden Jr.,All polls,9/15/2021,45.997007,50.222069,41.771945,49.304687,54.538359,44.071015,14:20:09 15 Sep 2021,2021-09-15
Joseph R. Biden Jr.,All polls,9/14/2021,45.891477,50.21377,41.569184,49.2009,54.533794,43.868006,14:59:08 14 Sep 2021,2021-09-14
Joseph R. Biden Jr.,All polls,9/13/2021,46.124809,50.390478,41.859139,49.026556,54.493601,43.559511,19:23:09 13 Sep 2021,2021-09-13
Joseph R. Biden Jr.,All polls,9/12/2021,45.836712,50.255546,41.417879,48.626306,54.33488,42.917731,08:56:13 13 Sep 2021,2021-09-12
Joseph R. Biden Jr.,All polls,9/11/2021,45.836712,50.255546,41.417879,48.626306,54.33488,42.917731,08:56:17 13 Sep 2021,2021-09-11
Joseph R. Biden Jr.,All polls,9/10/2021,45.83798,50.255235,41.420725,48.621672,54.336966,42.906379,18:35:08 10 Sep 2021,2021-09-10
Joseph R. Biden Jr.,All polls,9/9/2021,45.215821,49.62961,40.802033,47.901315,53.611968,42.190663,21:02:09  9 Sep 2021,2021-09-09
Joseph R. Biden Jr.,All polls,9/8/2021,44.966509,49.529698,40.403319,49.06457,54.110919,44.018222,09:25:08  8 Sep 2021,2021-09-08
Joseph R. Biden Jr.,All polls,9/7/2021,45.337711,49.665888,41.009534,48.982899,54.067541,43.898258,18:34:09  7 Sep 2021,2021-09-07
Joseph R. Biden Jr.,All polls,9/6/2021,46.090265,50.579039,41.601491,48.282367,53.315525,43.249209,09:56:08  6 Sep 2021,2021-09-06
Joseph R. Biden Jr.,All polls,9/5/2021,45.923564,50.459802,41.387327,48.436024,53.53126,43.340788,09:56:13  6 Sep 2021,2021-09-05
Joseph R. Biden Jr.,All polls,9/4/2021,45.923564,50.459802,41.387327,48.436024,53.53126,43.340788,09:56:17  6 Sep 2021,2021-09-04
Joseph R. Biden Jr.,All polls,9/3/2021,45.924771,50.461527,41.388014,48.43587,53.530981,43.340758,10:34:08  3 Sep 2021,2021-09-03
Joseph R. Biden Jr.,All polls,9/2/2021,46.20802,50.920457,41.495584,47.994992,53.289042,42.700941,20:05:09  2 Sep 2021,2021-09-02
Joseph R. Biden Jr.,All polls,9/1/2021,46.652693,51.448901,41.856485,47.610505,53.152629,42.068382,21:04:08  1 Sep 2021,2021-09-01
Joseph R. Biden Jr.,All polls,8/31/2021,46.975274,51.778096,42.172453,47.648146,53.094196,42.202095,21:06:08 31 Aug 2021,2021-08-31
Joseph R. Biden Jr.,All polls,8/30/2021,47.216883,51.887455,42.546311,47.450365,52.968756,41.931974,17:17:07 30 Aug 2021,2021-08-30
Joseph R. Biden Jr.,All polls,8/29/2021,47.240472,51.960843,42.520102,46.945667,52.440467,41.450868,08:13:12 30 Aug 2021,2021-08-29
Joseph R. Biden Jr.,All polls,8/28/2021,47.240472,51.960841,42.520104,46.945667,52.440468,41.450867,08:13:16 30 Aug 2021,2021-08-28
Joseph R. Biden Jr.,All polls,8/27/2021,47.240472,51.960843,42.520102,46.945667,52.440467,41.450868,09:39:08 27 Aug 2021,2021-08-27
Joseph R. Biden Jr.,All polls,8/26/2021,47.183967,51.93215,42.435785,47.042779,52.590788,41.49477,20:26:08 26 Aug 2021,2021-08-26
Joseph R. Biden Jr.,All polls,8/25/2021,47.592926,52.406054,42.779797,46.935481,52.563472,41.307489,10:29:07 25 Aug 2021,2021-08-25
Joseph R. Biden Jr.,All polls,8/24/2021,47.639288,52.508953,42.769623,47.004348,52.664487,41.34421,19:09:07 24 Aug 2021,2021-08-24
Joseph R. Biden Jr.,All polls,8/23/2021,48.490917,52.799412,44.182423,45.947502,51.058163,40.836841,15:00:10 23 Aug 2021,2021-08-23
Joseph R. Biden Jr.,All polls,8/22/2021,49.376494,53.847657,44.905331,46.239613,51.440998,41.038227,09:28:07 22 Aug 2021,2021-08-22
Joseph R. Biden Jr.,All polls,8/21/2021,49.017734,53.667148,44.368319,45.458707,50.665773,40.251642,14:36:08 21 Aug 2021,2021-08-21
Joseph R. Biden Jr.,All polls,8/20/2021,48.943483,53.51432,44.372646,45.242046,50.567065,39.917026,17:28:08 20 Aug 2021,2021-08-20
Joseph R. Biden Jr.,All polls,8/19/2021,49.105388,53.847317,44.363459,44.540729,50.048443,39.033015,16:39:07 19 Aug 2021,2021-08-19
Joseph R. Biden Jr.,All polls,8/18/2021,49.329073,54.151999,44.506147,44.468648,50.046185,38.891111,18:34:07 18 Aug 2021,2021-08-18
Joseph R. Biden Jr.,All polls,8/17/2021,49.75954,54.472617,45.046463,44.025428,49.646598,38.404258,20:18:07 17 Aug 2021,2021-08-17
Joseph R. Biden Jr.,All polls,8/16/2021,49.928948,54.634454,45.223441,43.990931,49.651199,38.330663,20:32:08 16 Aug 2021,2021-08-16
Joseph R. Biden Jr.,All polls,8/15/2021,49.966687,54.625982,45.307393,43.754522,49.286956,38.222089,09:37:12 16 Aug 2021,2021-08-15
Joseph R. Biden Jr.,All polls,8/14/2021,49.966687,54.625997,45.307378,43.754522,49.286955,38.22209,09:37:16 16 Aug 2021,2021-08-14
Joseph R. Biden Jr.,All polls,8/13/2021,49.966687,54.625997,45.307378,43.754522,49.286955,38.22209,19:08:07 13 Aug 2021,2021-08-13
Joseph R. Biden Jr.,All polls,8/12/2021,50.192013,54.799954,45.584072,43.486221,49.011582,37.96086,19:50:08 12 Aug 2021,2021-08-12
Joseph R. Biden Jr.,All polls,8/11/2021,50.321962,55.021784,45.62214,43.299098,48.70708,37.891116,18:36:07 11 Aug 2021,2021-08-11
Joseph R. Biden Jr.,All polls,8/10/2021,50.427115,55.143012,45.711218,43.13754,48.614506,37.660573,20:19:07 10 Aug 2021,2021-08-10
Joseph R. Biden Jr.,All polls,8/9/2021,50.393092,55.086682,45.699502,43.343625,48.651639,38.035612,16:13:07  9 Aug 2021,2021-08-09
Joseph R. Biden Jr.,All polls,8/8/2021,50.249033,54.933357,45.56471,43.298557,48.707599,37.889515,09:34:11  9 Aug 2021,2021-08-08
Joseph R. Biden Jr.,All polls,8/7/2021,50.249033,54.933357,45.56471,43.298557,48.707599,37.889515,09:34:14  9 Aug 2021,2021-08-07
Joseph R. Biden Jr.,All polls,8/6/2021,50.249033,54.933357,45.56471,43.298557,48.707599,37.889515,21:05:06  6 Aug 2021,2021-08-06
Joseph R. Biden Jr.,All polls,8/5/2021,50.214188,54.912868,45.515509,43.347257,48.700659,37.993856,21:00:09  5 Aug 2021,2021-08-05
Joseph R. Biden Jr.,All polls,8/4/2021,50.578938,55.519107,45.638769,43.04428,48.528797,37.559762,14:15:08  4 Aug 2021,2021-08-04
Joseph R. Biden Jr.,All polls,8/3/2021,50.893504,55.635464,46.151544,42.888056,48.646707,37.129405,12:30:10  3 Aug 2021,2021-08-03
Joseph R. Biden Jr.,All polls,8/2/2021,51.061154,55.826106,46.296201,42.389231,48.106293,36.67217,14:47:06  2 Aug 2021,2021-08-02
Joseph R. Biden Jr.,All polls,8/1/2021,51.479707,56.784669,46.174744,43.408838,48.416084,38.401592,09:30:13  2 Aug 2021,2021-08-01
Joseph R. Biden Jr.,All polls,7/31/2021,51.479707,56.784669,46.174744,43.408838,48.416084,38.401592,09:30:16  2 Aug 2021,2021-07-31
Joseph R. Biden Jr.,All polls,7/30/2021,51.479707,56.784669,46.174744,43.408838,48.416084,38.401592,09:30:08 30 Jul 2021,2021-07-30
Joseph R. Biden Jr.,All polls,7/29/2021,51.509736,56.80534,46.214132,43.386249,48.315751,38.456746,21:40:08 29 Jul 2021,2021-07-29
Joseph R. Biden Jr.,All polls,7/28/2021,51.897702,57.380215,46.415189,43.190428,48.246402,38.134454,11:46:07 28 Jul 2021,2021-07-28
Joseph R. Biden Jr.,All polls,7/27/2021,52.550923,57.676786,47.425059,42.889833,47.751251,38.028415,10:19:07 27 Jul 2021,2021-07-27
Joseph R. Biden Jr.,All polls,7/26/2021,52.710312,57.706637,47.713987,42.740475,47.360241,38.120709,17:34:07 26 Jul 2021,2021-07-26
Joseph R. Biden Jr.,All polls,7/25/2021,52.393667,57.32853,47.458804,42.728752,47.38388,38.073625,09:01:11 26 Jul 2021,2021-07-25
Joseph R. Biden Jr.,All polls,7/24/2021,52.393667,57.32853,47.458804,42.728752,47.38388,38.073625,09:01:13 26 Jul 2021,2021-07-24
Joseph R. Biden Jr.,All polls,7/23/2021,52.393667,57.32853,47.458804,42.728752,47.38388,38.073625,13:35:07 23 Jul 2021,2021-07-23
Joseph R. Biden Jr.,All polls,7/22/2021,52.309477,56.991329,47.627625,42.665399,47.447607,37.883192,22:31:07 22 Jul 2021,2021-07-22
Joseph R. Biden Jr.,All polls,7/21/2021,52.102192,56.976873,47.227511,42.602615,47.390339,37.81489,15:36:06 21 Jul 2021,2021-07-21
Joseph R. Biden Jr.,All polls,7/20/2021,52.331278,57.336634,47.325923,42.470673,47.442907,37.498439,10:44:07 20 Jul 2021,2021-07-20
Joseph R. Biden Jr.,All polls,7/19/2021,52.452551,57.601884,47.303218,42.470547,47.439879,37.501215,09:43:06 19 Jul 2021,2021-07-19
Joseph R. Biden Jr.,All polls,7/18/2021,52.423018,57.630482,47.215554,42.533135,47.516481,37.549789,13:54:07 18 Jul 2021,2021-07-18
Joseph R. Biden Jr.,All polls,7/17/2021,51.209837,56.035737,46.383938,42.538023,47.684679,37.391368,13:54:10 18 Jul 2021,2021-07-17
Joseph R. Biden Jr.,All polls,7/16/2021,51.209837,56.035737,46.383938,42.538023,47.684679,37.391368,09:30:09 16 Jul 2021,2021-07-16
Joseph R. Biden Jr.,All polls,7/15/2021,51.099852,55.97921,46.220493,42.571037,47.771644,37.370431,09:37:07 15 Jul 2021,2021-07-15
Joseph R. Biden Jr.,All polls,7/14/2021,51.183399,56.103908,46.26289,42.560227,47.599993,37.52046,11:42:07 14 Jul 2021,2021-07-14
Joseph R. Biden Jr.,All polls,7/13/2021,51.556072,56.365951,46.746193,42.227539,47.301708,37.15337,09:33:06 13 Jul 2021,2021-07-13
Joseph R. Biden Jr.,All polls,7/12/2021,51.555196,56.340359,46.770033,42.219265,47.208747,37.229784,20:55:06 12 Jul 2021,2021-07-12
Joseph R. Biden Jr.,All polls,7/11/2021,51.612871,56.179652,47.04609,42.26235,47.347599,37.177101,09:47:10 12 Jul 2021,2021-07-11
Joseph R. Biden Jr.,All polls,7/10/2021,51.612871,56.179652,47.04609,42.26235,47.347599,37.177101,09:47:12 12 Jul 2021,2021-07-10
Joseph R. Biden Jr.,All polls,7/9/2021,51.612871,56.179652,47.04609,42.26235,47.347599,37.177101,10:35:07  9 Jul 2021,2021-07-09
Joseph R. Biden Jr.,All polls,7/8/2021,51.61698,56.19949,47.03447,42.274762,47.292,37.257523,22:05:07  8 Jul 2021,2021-07-08
Joseph R. Biden Jr.,All polls,7/7/2021,51.83027,56.53332,47.127219,42.083952,47.062391,37.105513,12:10:07  7 Jul 2021,2021-07-07
Joseph R. Biden Jr.,All polls,7/6/2021,51.506595,56.237508,46.775683,42.079597,46.946765,37.212429,11:50:08  6 Jul 2021,2021-07-06
Joseph R. Biden Jr.,All polls,7/5/2021,51.875099,56.763258,46.986939,42.330217,46.985991,37.674444,11:50:11  6 Jul 2021,2021-07-05
Joseph R. Biden Jr.,All polls,7/4/2021,51.875099,56.763258,46.986939,42.330217,46.985991,37.674444,12:51:07  4 Jul 2021,2021-07-04
Joseph R. Biden Jr.,All polls,7/3/2021,52.105449,57.101234,47.109663,42.343048,47.141793,37.544303,12:51:10  4 Jul 2021,2021-07-03
Joseph R. Biden Jr.,All polls,7/2/2021,52.105449,57.101234,47.109663,42.343048,47.141793,37.544303,11:21:06  2 Jul 2021,2021-07-02
Joseph R. Biden Jr.,All polls,7/1/2021,52.014152,56.72429,47.304014,42.289261,47.177039,37.401482,21:44:06  1 Jul 2021,2021-07-01
Joseph R. Biden Jr.,All polls,6/30/2021,52.124295,56.989531,47.259059,42.24044,47.187186,37.293695,13:13:07 30 Jun 2021,2021-06-30
Joseph R. Biden Jr.,All polls,6/29/2021,52.711431,57.384713,48.038149,41.905134,46.808317,37.001951,21:15:09 29 Jun 2021,2021-06-29
Joseph R. Biden Jr.,All polls,6/28/2021,52.678675,57.307666,48.049683,41.886426,46.739491,37.033362,16:08:06 28 Jun 2021,2021-06-28
Joseph R. Biden Jr.,All polls,6/27/2021,52.700349,57.240987,48.159711,41.799124,46.474652,37.123595,09:50:10 28 Jun 2021,2021-06-27
Joseph R. Biden Jr.,All polls,6/26/2021,52.700349,57.240987,48.159711,41.799124,46.474652,37.123595,17:10:06 26 Jun 2021,2021-06-26
Joseph R. Biden Jr.,All polls,6/25/2021,52.652664,57.087044,48.218283,42.12299,46.548173,37.697808,10:14:07 25 Jun 2021,2021-06-25
Joseph R. Biden Jr.,All polls,6/24/2021,52.633511,57.104168,48.162855,42.132695,46.592459,37.672931,18:53:05 24 Jun 2021,2021-06-24
Joseph R. Biden Jr.,All polls,6/23/2021,52.301904,56.923142,47.680666,42.363,46.878174,37.847827,18:54:05 23 Jun 2021,2021-06-23
Joseph R. Biden Jr.,All polls,6/22/2021,51.763069,56.482787,47.043351,42.558624,47.32466,37.792589,20:36:06 22 Jun 2021,2021-06-22
Joseph R. Biden Jr.,All polls,6/21/2021,51.666885,56.391086,46.942684,42.609325,47.432824,37.785825,09:45:06 21 Jun 2021,2021-06-21
Joseph R. Biden Jr.,All polls,6/20/2021,51.760901,56.6662,46.855602,42.439348,47.436578,37.442119,08:17:09 21 Jun 2021,2021-06-20
Joseph R. Biden Jr.,All polls,6/19/2021,51.760901,56.6662,46.855602,42.439348,47.436578,37.442119,08:17:11 21 Jun 2021,2021-06-19
Joseph R. Biden Jr.,All polls,6/18/2021,51.760901,56.6662,46.855602,42.439348,47.436578,37.442119,13:05:06 18 Jun 2021,2021-06-18
Joseph R. Biden Jr.,All polls,6/17/2021,51.680343,56.62454,46.736146,42.453913,47.427061,37.480766,20:59:06 17 Jun 2021,2021-06-17
Joseph R. Biden Jr.,All polls,6/16/2021,51.939883,57.096692,46.783073,41.985094,47.152975,36.817213,12:23:07 16 Jun 2021,2021-06-16
Joseph R. Biden Jr.,All polls,6/15/2021,52.95932,58.13022,47.788421,41.179657,46.740971,35.618343,10:24:09 15 Jun 2021,2021-06-15
Joseph R. Biden Jr.,All polls,6/14/2021,53.112947,58.37504,47.850854,40.803505,46.412885,35.194124,13:14:08 14 Jun 2021,2021-06-14
Joseph R. Biden Jr.,All polls,6/13/2021,53.186096,58.403023,47.969169,40.655173,46.006318,35.304029,13:02:10 14 Jun 2021,2021-06-13
Joseph R. Biden Jr.,All polls,6/12/2021,53.186096,58.403023,47.969169,40.655173,46.006318,35.304029,13:02:12 14 Jun 2021,2021-06-12
Joseph R. Biden Jr.,All polls,6/11/2021,53.186096,58.403023,47.969169,40.655173,46.006318,35.304029,23:06:06 11 Jun 2021,2021-06-11
Joseph R. Biden Jr.,All polls,6/10/2021,52.991645,57.740575,48.242714,40.64205,45.966725,35.317376,09:34:07 10 Jun 2021,2021-06-10
Joseph R. Biden Jr.,All polls,6/9/2021,53.06611,57.924322,48.207898,40.573357,45.967471,35.179243,14:47:07  9 Jun 2021,2021-06-09
Joseph R. Biden Jr.,All polls,6/8/2021,53.144832,58.119985,48.169679,40.531937,46.049552,35.014321,12:30:10  8 Jun 2021,2021-06-08
Joseph R. Biden Jr.,All polls,6/7/2021,53.277751,58.437972,48.11753,40.429315,46.071352,34.787279,09:29:09  7 Jun 2021,2021-06-07
Joseph R. Biden Jr.,All polls,6/6/2021,53.408043,58.447964,48.368123,40.383448,45.873825,34.893071,09:29:11  7 Jun 2021,2021-06-06
Joseph R. Biden Jr.,All polls,6/5/2021,53.408043,58.447964,48.368123,40.383448,45.873825,34.893071,09:29:13  7 Jun 2021,2021-06-05
Joseph R. Biden Jr.,All polls,6/4/2021,53.408043,58.447964,48.368123,40.383448,45.873825,34.893071,21:00:11  4 Jun 2021,2021-06-04
Joseph R. Biden Jr.,All polls,6/3/2021,53.191199,57.712267,48.670131,40.474662,46.043095,34.906229,20:56:06  3 Jun 2021,2021-06-03
Joseph R. Biden Jr.,All polls,6/2/2021,53.362852,57.958002,48.767702,40.100893,45.548423,34.653364,09:39:07  2 Jun 2021,2021-06-02
Joseph R. Biden Jr.,All polls,6/1/2021,53.67661,58.30082,49.0524,39.797097,45.129102,34.465092,15:15:08  1 Jun 2021,2021-06-01
Joseph R. Biden Jr.,All polls,5/31/2021,53.580561,58.434701,48.726421,40.832753,45.338338,36.327169,09:28:11  1 Jun 2021,2021-05-31
Joseph R. Biden Jr.,All polls,5/30/2021,53.580561,58.434701,48.726421,40.832753,45.338338,36.327169,09:28:13  1 Jun 2021,2021-05-30
Joseph R. Biden Jr.,All polls,5/29/2021,53.580561,58.434701,48.726421,40.832753,45.338338,36.327169,09:28:15  1 Jun 2021,2021-05-29
Joseph R. Biden Jr.,All polls,5/28/2021,53.580561,58.434701,48.726421,40.832753,45.338338,36.327169,13:54:07 28 May 2021,2021-05-28
Joseph R. Biden Jr.,All polls,5/27/2021,53.939184,58.842116,49.036252,40.718851,45.267361,36.170341,19:41:06 27 May 2021,2021-05-27
Joseph R. Biden Jr.,All polls,5/26/2021,54.320504,59.302651,49.338358,40.268356,44.762737,35.773975,21:22:06 26 May 2021,2021-05-26
Joseph R. Biden Jr.,All polls,5/25/2021,54.65748,59.89142,49.42355,40.22551,45.13638,35.31464,10:55:27 25 May 2021,2021-05-25
Joseph R. Biden Jr.,All polls,5/24/2021,54.334964,59.361899,49.308029,40.323921,45.245597,35.402245,10:42:09 24 May 2021,2021-05-24
Joseph R. Biden Jr.,All polls,5/23/2021,54.186699,59.245485,49.127913,40.545142,45.546493,35.543792,09:09:09 24 May 2021,2021-05-23
Joseph R. Biden Jr.,All polls,5/22/2021,54.186699,59.245485,49.127913,40.545142,45.546493,35.543792,09:09:10 24 May 2021,2021-05-22
Joseph R. Biden Jr.,All polls,5/21/2021,54.185913,59.245769,49.126056,40.544004,45.544973,35.543034,21:02:06 21 May 2021,2021-05-21
Joseph R. Biden Jr.,All polls,5/20/2021,52.932221,57.82239,48.042051,40.927904,46.495705,35.360104,10:15:09 20 May 2021,2021-05-20
Joseph R. Biden Jr.,All polls,5/19/2021,52.913053,57.901803,47.924303,41.056014,46.699652,35.412377,16:44:07 19 May 2021,2021-05-19
Joseph R. Biden Jr.,All polls,5/18/2021,52.722626,57.850568,47.594683,40.723925,46.548151,34.899699,13:58:07 18 May 2021,2021-05-18
Joseph R. Biden Jr.,All polls,5/17/2021,52.766378,57.858033,47.674723,40.728347,46.488922,34.967771,18:17:06 17 May 2021,2021-05-17
Joseph R. Biden Jr.,All polls,5/16/2021,52.794621,58.006812,47.58243,40.722719,46.675983,34.769455,08:53:08 17 May 2021,2021-05-16
Joseph R. Biden Jr.,All polls,5/15/2021,52.794621,58.006812,47.58243,40.722719,46.675983,34.769455,08:53:09 17 May 2021,2021-05-15
Joseph R. Biden Jr.,All polls,5/14/2021,52.794621,58.006812,47.58243,40.722719,46.675983,34.769455,10:42:07 14 May 2021,2021-05-14
Joseph R. Biden Jr.,All polls,5/13/2021,52.940977,58.243476,47.638477,40.783846,46.612949,34.954744,09:54:07 13 May 2021,2021-05-13
Joseph R. Biden Jr.,All polls,5/12/2021,52.792521,58.236512,47.348529,40.898533,46.758311,35.038755,13:13:06 12 May 2021,2021-05-12
Joseph R. Biden Jr.,All polls,5/11/2021,54.020018,59.43891,48.601125,39.648582,45.418764,33.8784,10:07:06 11 May 2021,2021-05-11
Joseph R. Biden Jr.,All polls,5/10/2021,54.076384,59.566208,48.586559,39.70373,45.509887,33.897574,21:05:07 10 May 2021,2021-05-10
Joseph R. Biden Jr.,All polls,5/9/2021,53.494398,58.42479,48.564007,40.105339,45.777815,34.432864,09:11:08 10 May 2021,2021-05-09
Joseph R. Biden Jr.,All polls,5/8/2021,53.494398,58.42479,48.564007,40.105339,45.777815,34.432864,09:11:09 10 May 2021,2021-05-08
Joseph R. Biden Jr.,All polls,5/7/2021,53.494398,58.42479,48.564007,40.105339,45.777815,34.432864,21:27:06  7 May 2021,2021-05-07
Joseph R. Biden Jr.,All polls,5/6/2021,53.368107,58.230009,48.506205,40.047005,45.769857,34.324153,13:18:06  6 May 2021,2021-05-06
Joseph R. Biden Jr.,All polls,5/5/2021,53.27999,58.216356,48.343625,40.113415,45.838164,34.388666,20:59:06  5 May 2021,2021-05-05
Joseph R. Biden Jr.,All polls,5/4/2021,53.549666,58.402156,48.697177,40.012343,45.779095,34.245591,09:39:06  4 May 2021,2021-05-04
Joseph R. Biden Jr.,All polls,5/3/2021,53.49088,58.372469,48.609291,39.953578,45.691402,34.215754,21:00:09  3 May 2021,2021-05-03
Joseph R. Biden Jr.,All polls,5/2/2021,53.980431,58.830606,49.130255,41.137176,46.266131,36.008222,09:09:07  3 May 2021,2021-05-02
Joseph R. Biden Jr.,All polls,5/1/2021,53.980431,58.830606,49.130255,41.137176,46.266131,36.008222,20:20:07  1 May 2021,2021-05-01
Joseph R. Biden Jr.,All polls,4/30/2021,53.914535,58.819108,49.009963,41.374227,46.481796,36.266658,16:50:09 30 Apr 2021,2021-04-30
Joseph R. Biden Jr.,All polls,4/29/2021,53.761107,58.430834,49.09138,41.540675,46.596012,36.485337,17:57:06 29 Apr 2021,2021-04-29
Joseph R. Biden Jr.,All polls,4/28/2021,53.971838,58.672289,49.271387,41.695633,46.585508,36.805758,18:58:06 28 Apr 2021,2021-04-28
Joseph R. Biden Jr.,All polls,4/27/2021,54.382766,59.195359,49.570172,41.340155,46.077582,36.602728,13:30:08 27 Apr 2021,2021-04-27
Joseph R. Biden Jr.,All polls,4/26/2021,54.455284,59.464645,49.445923,40.876175,45.709607,36.042743,17:19:06 26 Apr 2021,2021-04-26
Joseph R. Biden Jr.,All polls,4/25/2021,54.544937,59.607466,49.482408,40.643662,45.446024,35.841299,13:00:09 25 Apr 2021,2021-04-25
Joseph R. Biden Jr.,All polls,4/24/2021,53.751111,59.197102,48.305121,39.913626,45.088861,34.738391,13:00:10 25 Apr 2021,2021-04-24
Joseph R. Biden Jr.,All polls,4/23/2021,53.751111,59.197102,48.305121,39.913626,45.088861,34.738391,18:01:06 23 Apr 2021,2021-04-23
Joseph R. Biden Jr.,All polls,4/22/2021,53.266932,58.628734,47.905131,40.234692,45.676924,34.792459,21:22:09 22 Apr 2021,2021-04-22
Joseph R. Biden Jr.,All polls,4/21/2021,53.431994,58.903302,47.960686,40.051306,45.435864,34.666747,10:15:08 21 Apr 2021,2021-04-21
Joseph R. Biden Jr.,All polls,4/20/2021,53.455244,58.891109,48.019379,40.625908,45.957416,35.294401,13:35:07 20 Apr 2021,2021-04-20
Joseph R. Biden Jr.,All polls,4/19/2021,53.283328,58.675568,47.891089,40.57157,45.758733,35.384407,09:33:06 19 Apr 2021,2021-04-19
Joseph R. Biden Jr.,All polls,4/18/2021,53.242339,58.63743,47.847248,40.60295,45.751977,35.453924,09:33:08 19 Apr 2021,2021-04-18
Joseph R. Biden Jr.,All polls,4/17/2021,53.242339,58.63743,47.847248,40.60295,45.751977,35.453924,09:33:09 19 Apr 2021,2021-04-17
Joseph R. Biden Jr.,All polls,4/16/2021,53.242339,58.63743,47.847248,40.60295,45.751977,35.453924,15:54:06 16 Apr 2021,2021-04-16
Joseph R. Biden Jr.,All polls,4/15/2021,52.789209,58.056023,47.522395,40.751822,46.001228,35.502416,16:28:05 15 Apr 2021,2021-04-15
Joseph R. Biden Jr.,All polls,4/14/2021,52.479558,57.728829,47.230288,40.920696,46.51506,35.326332,14:09:05 14 Apr 2021,2021-04-14
Joseph R. Biden Jr.,All polls,4/13/2021,53.571123,58.852415,48.28983,39.525347,45.439288,33.611406,09:39:05 13 Apr 2021,2021-04-13
Joseph R. Biden Jr.,All polls,4/12/2021,53.582872,58.838571,48.327172,39.497847,45.340227,33.655467,10:14:06 12 Apr 2021,2021-04-12
Joseph R. Biden Jr.,All polls,4/11/2021,53.59475,58.946257,48.243243,39.569551,45.419905,33.719198,10:07:06 12 Apr 2021,2021-04-11
Joseph R. Biden Jr.,All polls,4/10/2021,53.59475,58.946257,48.243243,39.569551,45.419905,33.719198,10:07:07 12 Apr 2021,2021-04-10
Joseph R. Biden Jr.,All polls,4/9/2021,53.59475,58.946257,48.243243,39.569551,45.419905,33.719198,15:21:06  9 Apr 2021,2021-04-09
Joseph R. Biden Jr.,All polls,4/8/2021,53.348828,58.479644,48.218013,39.690286,45.667518,33.713054,20:50:07  8 Apr 2021,2021-04-08
Joseph R. Biden Jr.,All polls,4/7/2021,53.11851,58.418135,47.818885,39.950253,46.021052,33.879454,11:08:06  7 Apr 2021,2021-04-07
Joseph R. Biden Jr.,All polls,4/6/2021,53.618386,58.985327,48.251444,39.609798,45.666085,33.55351,10:01:07  6 Apr 2021,2021-04-06
Joseph R. Biden Jr.,All polls,4/5/2021,53.678575,59.021563,48.335586,39.51854,45.503344,33.533736,16:44:04  5 Apr 2021,2021-04-05
Joseph R. Biden Jr.,All polls,4/4/2021,53.911609,59.447712,48.375507,39.903956,45.351681,34.456231,21:48:04  4 Apr 2021,2021-04-04
Joseph R. Biden Jr.,All polls,4/3/2021,53.906377,59.440656,48.372099,39.90923,45.354757,34.463703,18:53:04  3 Apr 2021,2021-04-03
Joseph R. Biden Jr.,All polls,4/2/2021,53.864386,59.437376,48.291396,39.829318,45.316515,34.342121,15:20:07  2 Apr 2021,2021-04-02
Joseph R. Biden Jr.,All polls,4/1/2021,53.790376,59.340111,48.24064,39.429603,44.920739,33.938467,23:17:04  1 Apr 2021,2021-04-01
Joseph R. Biden Jr.,All polls,3/31/2021,54.106209,59.590448,48.62197,39.480767,44.801595,34.159939,19:48:06 31 Mar 2021,2021-03-31
Joseph R. Biden Jr.,All polls,3/30/2021,53.904588,59.035834,48.773341,39.536628,45.018858,34.054398,15:48:05 30 Mar 2021,2021-03-30
Joseph R. Biden Jr.,All polls,3/29/2021,54.124379,59.497132,48.751627,39.430828,45.285086,33.57657,16:18:05 29 Mar 2021,2021-03-29
Joseph R. Biden Jr.,All polls,3/28/2021,54.021847,59.337705,48.705988,39.66327,45.38502,33.94152,11:09:06 29 Mar 2021,2021-03-28
Joseph R. Biden Jr.,All polls,3/27/2021,54.021847,59.337705,48.705988,39.66327,45.38502,33.94152,11:09:06 29 Mar 2021,2021-03-27
Joseph R. Biden Jr.,All polls,3/26/2021,54.021847,59.337705,48.705988,39.66327,45.38502,33.94152,16:53:04 26 Mar 2021,2021-03-26
Joseph R. Biden Jr.,All polls,3/25/2021,53.974147,59.306329,48.641965,39.712355,45.479287,33.945423,21:13:04 25 Mar 2021,2021-03-25
Joseph R. Biden Jr.,All polls,3/24/2021,54.380435,59.754023,49.006848,39.780839,45.398773,34.162905,13:16:06 24 Mar 2021,2021-03-24
Joseph R. Biden Jr.,All polls,3/23/2021,54.974286,60.295579,49.652992,39.208636,44.758353,33.658918,09:57:05 23 Mar 2021,2021-03-23
Joseph R. Biden Jr.,All polls,3/22/2021,55.064562,60.307053,49.82207,39.104932,44.510876,33.698988,13:27:05 22 Mar 2021,2021-03-22
Joseph R. Biden Jr.,All polls,3/21/2021,54.326912,59.37968,49.274143,39.946276,45.112256,34.780296,09:38:06 22 Mar 2021,2021-03-21
Joseph R. Biden Jr.,All polls,3/20/2021,54.326912,59.37968,49.274143,39.946276,45.112256,34.780296,09:38:06 22 Mar 2021,2021-03-20
Joseph R. Biden Jr.,All polls,3/19/2021,54.326912,59.37968,49.274143,39.946276,45.112256,34.780296,12:55:06 19 Mar 2021,2021-03-19
Joseph R. Biden Jr.,All polls,3/18/2021,54.036119,59.136122,48.936115,39.985409,45.20275,34.768067,20:54:05 18 Mar 2021,2021-03-18
Joseph R. Biden Jr.,All polls,3/17/2021,53.585267,58.658379,48.512155,40.321243,45.385936,35.25655,17:05:05 17 Mar 2021,2021-03-17
Joseph R. Biden Jr.,All polls,3/16/2021,53.88628,59.043547,48.729012,40.134543,45.143578,35.125508,13:47:04 16 Mar 2021,2021-03-16
Joseph R. Biden Jr.,All polls,3/15/2021,53.846774,58.977977,48.715572,40.185976,45.145559,35.226393,10:35:06 15 Mar 2021,2021-03-15
Joseph R. Biden Jr.,All polls,3/14/2021,54.065952,59.142448,48.989457,40.104361,45.077952,35.13077,11:57:07 14 Mar 2021,2021-03-14
Joseph R. Biden Jr.,All polls,3/13/2021,53.154843,57.950433,48.359253,40.274014,45.266626,35.281402,11:57:07 14 Mar 2021,2021-03-13
Joseph R. Biden Jr.,All polls,3/12/2021,53.154843,57.950433,48.359253,40.274014,45.266626,35.281402,22:00:07 12 Mar 2021,2021-03-12
Joseph R. Biden Jr.,All polls,3/11/2021,53.043988,57.871499,48.216476,40.254456,45.305819,35.203093,21:52:04 11 Mar 2021,2021-03-11
Joseph R. Biden Jr.,All polls,3/10/2021,52.958772,57.780621,48.136924,39.278536,44.594931,33.962142,13:46:04 10 Mar 2021,2021-03-10
Joseph R. Biden Jr.,All polls,3/9/2021,53.447902,58.325039,48.570766,38.782093,44.219034,33.345153,21:39:04  9 Mar 2021,2021-03-09
Joseph R. Biden Jr.,All polls,3/8/2021,53.368976,58.22739,48.510561,38.800609,44.195313,33.405905,09:39:05  8 Mar 2021,2021-03-08
Joseph R. Biden Jr.,All polls,3/7/2021,53.55762,58.418726,48.696514,38.642223,43.994073,33.290373,09:23:05  8 Mar 2021,2021-03-07
Joseph R. Biden Jr.,All polls,3/6/2021,53.55762,58.418726,48.696514,38.642223,43.994073,33.290373,09:23:05  8 Mar 2021,2021-03-06
Joseph R. Biden Jr.,All polls,3/5/2021,53.55762,58.418726,48.696514,38.642223,43.994073,33.290373,19:47:03  5 Mar 2021,2021-03-05
Joseph R. Biden Jr.,All polls,3/4/2021,53.061421,57.803302,48.31954,38.314457,43.705283,32.923632,20:59:03  4 Mar 2021,2021-03-04
Joseph R. Biden Jr.,All polls,3/3/2021,52.898622,57.610781,48.186463,38.326638,43.647664,33.005613,15:32:04  3 Mar 2021,2021-03-03
Joseph R. Biden Jr.,All polls,3/2/2021,53.544854,58.354059,48.735649,37.124568,42.505375,31.74376,10:54:05  2 Mar 2021,2021-03-02
Joseph R. Biden Jr.,All polls,3/1/2021,53.922245,58.580695,49.263795,37.081727,42.508252,31.655202,13:06:06  1 Mar 2021,2021-03-01
Joseph R. Biden Jr.,All polls,2/28/2021,54.403931,59.252821,49.555041,38.308259,43.457406,33.159113,09:34:06  1 Mar 2021,2021-02-28
Joseph R. Biden Jr.,All polls,2/27/2021,54.403931,59.252821,49.555041,38.308259,43.457406,33.159113,09:34:07  1 Mar 2021,2021-02-27
Joseph R. Biden Jr.,All polls,2/26/2021,54.403931,59.252821,49.555041,38.308259,43.457406,33.159113,09:55:05 26 Feb 2021,2021-02-26
Joseph R. Biden Jr.,All polls,2/25/2021,54.479157,59.308402,49.649913,38.20396,43.287664,33.120256,19:38:04 25 Feb 2021,2021-02-25
Joseph R. Biden Jr.,All polls,2/24/2021,54.264025,59.071923,49.456128,38.116707,43.188442,33.044971,13:00:08 24 Feb 2021,2021-02-24
Joseph R. Biden Jr.,All polls,2/23/2021,54.406798,59.15484,49.658756,38.048187,43.067256,33.029119,10:22:05 23 Feb 2021,2021-02-23
Joseph R. Biden Jr.,All polls,2/22/2021,54.732806,59.426762,50.03885,38.137972,43.122262,33.153682,20:04:04 22 Feb 2021,2021-02-22
Joseph R. Biden Jr.,All polls,2/21/2021,54.452566,59.18963,49.715502,38.11517,43.020907,33.209433,09:40:07 22 Feb 2021,2021-02-21
Joseph R. Biden Jr.,All polls,2/20/2021,54.452566,59.18963,49.715502,38.11517,43.020907,33.209433,09:40:07 22 Feb 2021,2021-02-20
Joseph R. Biden Jr.,All polls,2/19/2021,54.452566,59.18963,49.715502,38.11517,43.020907,33.209433,13:49:04 19 Feb 2021,2021-02-19
Joseph R. Biden Jr.,All polls,2/18/2021,54.449369,59.161261,49.737476,37.84585,42.686537,33.005163,21:23:03 18 Feb 2021,2021-02-18
Joseph R. Biden Jr.,All polls,2/17/2021,54.457794,59.108183,49.807406,37.774734,42.51952,33.029949,12:21:04 17 Feb 2021,2021-02-17
Joseph R. Biden Jr.,All polls,2/16/2021,54.841579,59.566753,50.116405,37.396302,42.16459,32.628013,09:35:05 16 Feb 2021,2021-02-16
Joseph R. Biden Jr.,All polls,2/15/2021,54.567261,59.123133,50.011389,37.251158,41.849722,32.652594,10:19:05 15 Feb 2021,2021-02-15
Joseph R. Biden Jr.,All polls,2/14/2021,54.442678,58.915836,49.96952,37.233457,41.744487,32.722428,10:19:05 15 Feb 2021,2021-02-14
Joseph R. Biden Jr.,All polls,2/13/2021,54.442678,58.915836,49.96952,37.233457,41.744487,32.722428,10:19:05 15 Feb 2021,2021-02-13
Joseph R. Biden Jr.,All polls,2/12/2021,54.441821,58.915054,49.968589,37.233365,41.744463,32.722266,13:57:04 12 Feb 2021,2021-02-12
Joseph R. Biden Jr.,All polls,2/11/2021,54.253095,58.74175,49.76444,37.14357,41.626375,32.660765,14:38:04 11 Feb 2021,2021-02-11
Joseph R. Biden Jr.,All polls,2/10/2021,54.289854,58.806647,49.77306,37.10473,41.612598,32.596862,20:14:04 10 Feb 2021,2021-02-10
Joseph R. Biden Jr.,All polls,2/9/2021,54.535052,58.914956,50.155148,36.935867,41.31577,32.555963,18:22:04  9 Feb 2021,2021-02-09
Joseph R. Biden Jr.,All polls,2/8/2021,53.093442,57.492622,48.694262,36.748001,41.147182,32.348821,13:40:04  8 Feb 2021,2021-02-08
Joseph R. Biden Jr.,All polls,2/7/2021,53.156742,57.454566,48.858918,36.3333,40.631125,32.035476,09:37:04  8 Feb 2021,2021-02-07
Joseph R. Biden Jr.,All polls,2/6/2021,53.156742,57.454566,48.858918,36.3333,40.631125,32.035476,09:37:04  8 Feb 2021,2021-02-06
Joseph R. Biden Jr.,All polls,2/5/2021,53.156742,57.454566,48.858918,36.3333,40.631125,32.035476,16:08:04  5 Feb 2021,2021-02-05
Joseph R. Biden Jr.,All polls,2/4/2021,53.754728,58.106331,49.403126,35.837091,40.188694,31.485489,19:52:04  4 Feb 2021,2021-02-04
Joseph R. Biden Jr.,All polls,2/3/2021,52.652548,57.026915,48.27818,35.189123,39.56349,30.814755,15:31:05  3 Feb 2021,2021-02-03
Joseph R. Biden Jr.,All polls,2/2/2021,53.192157,57.597796,48.786518,34.236291,38.64193,29.830652,15:41:05  2 Feb 2021,2021-02-02
Joseph R. Biden Jr.,All polls,2/1/2021,53.396059,57.835723,48.956395,34.003756,38.44342,29.564092,15:13:04  1 Feb 2021,2021-02-01
Joseph R. Biden Jr.,All polls,1/31/2021,54.281215,58.884888,49.677542,34.557801,39.161473,29.954128,09:14:05  1 Feb 2021,2021-01-31
Joseph R. Biden Jr.,All polls,1/30/2021,54.281215,58.884888,49.677542,34.557801,39.161473,29.954128,09:14:05  1 Feb 2021,2021-01-30
Joseph R. Biden Jr.,All polls,1/29/2021,54.281215,58.884888,49.677542,34.557801,39.161473,29.954128,16:55:08 29 Jan 2021,2021-01-29
Joseph R. Biden Jr.,All polls,1/28/2021,54.222706,58.79623,49.649183,34.663625,39.237149,30.090102,19:57:04 28 Jan 2021,2021-01-28
Joseph R. Biden Jr.,All polls,1/27/2021,53.949072,58.633175,49.264969,35.09413,39.778233,30.410028,17:10:07 27 Jan 2021,2021-01-27
Joseph R. Biden Jr.,All polls,1/26/2021,54.80725,59.79297,49.82153,37.49861,42.48433,32.51289,10:18:18 26 Jan 2021,2021-01-26
Joseph R. Biden Jr.,All polls,1/25/2021,54.9925,59.99842,49.98658,37.27006,42.27598,32.26414,10:18:18 26 Jan 2021,2021-01-25
Joseph R. Biden Jr.,All polls,1/24/2021,52.9743,58.21402,47.73458,36.03907,41.27879,30.79935,10:18:18 26 Jan 2021,2021-01-24
Joseph R. Biden Jr.,All polls,1/23/2021,52.9743,58.21402,47.73458,36.03907,41.27879,30.79935,10:18:18 26 Jan 2021,2021-01-23
