date,approve_estimate,num_pos_comms,norm_rating,norm_coms
2021-03-06,53.55762,17671,0.9726331792124306,0.4133373877245509
2021-05-19,52.913053,14157,0.9609275199537589,0.33114240269461076
2021-04-24,53.751111,14755,0.97614707259453,0.3451300523952096
2021-11-06,42.934132,10923,0.7797053211827962,0.25549681886227543
2021-06-23,52.301904,11035,0.9498287482973169,0.2581165793413174
2021-12-04,42.6072,8177,0.7737680724673701,0.19126590568862276
2021-03-30,53.904588,15855,0.9789342917137885,0.37085984281437123
2021-08-13,49.966687,14753,0.9074200390443494,0.34508327095808383
2021-04-13,53.571123,15733,0.9728784004492762,0.3680061751497006
2022-05-02,42.038905,10011,0.7634475508948931,0.23416448353293412
2021-01-30,54.281215,19511,0.985774026496388,0.45637630988023953
2021-02-08,53.093442,18083,0.9642034744596716,0.42297436377245506
2022-05-06,42.213284,14705,0.7666143607934265,0.3439605164670659
2022-03-21,42.262355,8298,0.7675055147083527,0.19409618263473055
2021-04-01,53.790376,17052,0.9768601446425743,0.39885853293413176
2021-07-03,52.105449,9936,0.9462610271920441,0.23241017964071856
2021-11-07,42.554764,8035,0.7728158084686118,0.18794442365269462
2021-08-14,49.966687,8928,0.9074200390443494,0.2088323353293413
2022-03-06,42.571044,7814,0.7731114614150567,0.1827750748502994
2022-05-26,40.456767,17327,0.7347151331195552,0.40529098053892215
2021-02-27,54.403931,14886,0.9880026104629689,0.3481942365269461
2022-05-04,42.285548,18379,0.7679267111940343,0.4298980164670659
2021-05-28,53.580561,13425,0.9730497992520126,0.3140203967065868
2021-10-13,44.62828,9586,0.8104718966074768,0.22422342814371257
2021-01-28,54.222706,25933,0.9847114737787254,0.606591504491018
2022-05-25,40.917994,18382,0.743091246235646,0.4299681886227545
2022-03-08,42.62412,9854,0.7740753481340684,0.2304921407185629
2022-01-02,43.348077,7579,0.7872227695191691,0.17727825598802396
2021-10-23,43.367714,5774,0.7875793872654431,0.13505800898203593
2022-08-02,39.176724,10348,0.7114689117113108,0.24204715568862276
2022-01-27,41.844844,12226,0.7599233060275682,0.2859749251497006
2021-12-29,43.105517,7754,0.7828177585431443,0.18137163173652696
2021-03-16,53.88628,15845,0.9786018092725408,0.3706259356287425
2021-12-22,43.393962,10820,0.7880560640798342,0.2530875748502994
2021-12-21,43.664251,12017,0.7929646475713363,0.2810862649700599
2021-11-01,42.87445,9862,0.7786214661981694,0.23067926646706588
2021-09-03,45.924771,12193,0.8340168219262326,0.2852030314371258
2021-12-24,43.25585,6762,0.7855478810491583,0.1581680389221557
2021-03-21,54.326912,11701,0.9866039068829785,0.2736947979041916
2021-02-11,54.253095,32003,0.9852633532252558,0.7485731661676647
2022-08-07,39.268847,11551,0.7131419114892805,0.27018619011976047
2021-08-08,50.249033,11080,0.9125475836891247,0.2591691616766467
2022-06-12,40.175366,9985,0.7296047501476539,0.2335563248502994
2022-01-22,41.885124,8659,0.7606548109835142,0.20254023203592814
2022-03-07,42.131551,8733,0.7651300486145699,0.20427114520958084
2021-07-15,51.099852,13754,0.9279988824754476,0.32171594311377244
2021-06-28,52.678675,12194,0.9566710981919732,0.2852264221556886
2021-06-26,52.700349,7570,0.9570647088775536,0.17706773952095808
2021-10-09,43.953319,8509,0.7982142670997728,0.199031624251497
2021-06-14,53.112947,13170,0.9645576950198931,0.3080557634730539
2021-09-02,46.20802,14534,0.8391607655028654,0.3399607035928144
2021-02-05,53.156742,29166,0.9653530341347307,0.6822136976047904
2022-05-22,41.109417,7742,0.7465675837029268,0.18109094311377247
2021-12-31,43.34409,7415,0.7871503636040907,0.17344217814371257
2021-08-26,47.183967,13193,0.8568844513827242,0.30859375
2022-01-21,41.885124,10767,0.7606548109835142,0.2518478667664671
2021-10-16,44.8352,8003,0.8142296673493925,0.18719592065868262
2021-05-13,52.940977,15965,0.9614346337668135,0.3734328218562874
2021-03-22,55.064562,15246,1.0,0.35661489520958084
2021-02-09,54.535052,33357,0.9903838334353772,0.7802441991017964
2021-06-13,53.186096,9688,0.9658861174633514,0.22660928143712575
2021-08-12,50.192013,12119,0.9115120719565517,0.28347211826347307
2021-07-04,51.875099,9593,0.942077755925853,0.2243871631736527
2021-09-22,46.327145,9800,0.8413241351125248,0.22922904191616766
2022-08-04,39.219817,12128,0.7122515021548704,0.2836826347305389
2022-08-25,41.530031,17636,0.7542061444164397,0.4125187125748503
2022-04-05,41.390237,10680,0.751667415424098,0.249812874251497
2022-04-16,42.183528,8077,0.7660739769436467,0.18892683383233533
2022-05-15,41.343442,10239,0.7508175948080728,0.23949756736526945
2021-09-21,46.508264,11140,0.8446133467837262,0.26057260479041916
2022-01-07,42.879552,10126,0.778714121071189,0.23685441616766467
2021-03-05,53.55762,19846,0.9726331792124306,0.4642122005988024
2021-05-06,53.368107,13920,0.9691915283009062,0.3255988023952096
2021-07-11,51.612871,8738,0.937315564228042,0.2043880988023952
2022-03-27,41.957127,9457,0.7619624214935188,0.22120602544910178
2021-07-30,51.479707,12007,0.9348972393533248,0.28085235778443113
2022-03-03,41.633145,14323,0.7560787462542605,0.33502526197604793
2021-09-13,46.124809,12507,0.8376496121044238,0.29254771706586824
2022-03-28,41.658699,8724,0.7565428196813768,0.20406062874251496
2022-01-23,42.317826,8620,0.7685128958258125,0.20162799401197604
2022-03-13,42.966955,8311,0.7803014032872903,0.1944002619760479
2022-07-18,38.639201,12759,0.7017072250570158,0.2984421781437126
2021-07-12,51.555196,10936,0.9362681573677095,0.2558008982035928
2021-10-04,44.817262,10423,0.8139039042932912,0.24380145958083832
2021-08-16,49.928948,13696,0.9067346799199092,0.3203592814371258
2021-07-18,52.423018,7765,0.9520282391422635,0.18162892964071856
2022-04-12,42.221226,9175,0.7667585914875705,0.21460984281437126
2021-04-07,53.11851,15132,0.9646587218835955,0.3539483532934132
2021-09-17,45.678538,11272,0.8295451074322538,0.2636601796407186
2021-10-24,43.367714,6204,0.7875793872654431,0.14511601796407186
2021-10-17,44.8352,6498,0.8142296673493925,0.15199288922155688
2022-08-16,40.248652,16838,0.7309356605796664,0.39385291916167664
2022-07-23,37.900954,10440,0.6883002901212579,0.2441991017964072
2022-04-04,41.199149,8702,0.7481971617244498,0.20354603293413173
2021-09-09,45.215821,15584,0.821141935170573,0.36452095808383234
2021-04-11,53.59475,11537,0.9733074785921296,0.26985872005988026
2021-03-08,53.368976,15612,0.9692073097757502,0.3651758982035928
2021-07-07,51.83027,10714,0.941263638853606,0.25060815868263475
2021-08-01,51.479707,10608,0.9348972393533248,0.24812874251497005
2022-06-28,39.569858,28499,0.718608421873945,0.6666120883233533
2022-05-11,41.65522,13366,0.7564796393004997,0.31264034431137727
2021-10-22,43.367714,8123,0.7875793872654431,0.19000280688622753
2022-07-11,38.527124,14787,0.6996718506541466,0.3458785553892216
2021-02-01,53.396059,17745,0.9696991506079717,0.41506830089820357
2021-10-14,44.681045,11734,0.8114301354108654,0.27446669161676646
2021-02-20,54.452566,18624,0.9888858463997224,0.4356287425149701
2021-09-10,45.83798,20406,0.8324406539363738,0.47731100299401197
2022-04-03,41.056628,8112,0.7456089090475286,0.18974550898203593
2022-06-16,39.928989,15151,0.725130420541618,0.35439277694610777
2021-08-11,50.321962,13718,0.9138720108224959,0.320873877245509
2021-08-31,46.975274,12784,0.8530944820736066,0.2990269461077844
2022-02-24,42.058835,11662,0.7638094896677831,0.27278255988023953
2022-07-02,39.231956,14088,0.712471952469176,0.32952844311377244
2021-02-22,54.732806,20609,0.9939751450306641,0.48205931886227543
2021-10-10,44.671535,7651,0.8112574290521006,0.1789623877245509
2021-04-28,53.971838,18834,0.9801555853654116,0.44054079341317365
2022-08-08,39.61849,12827,0.7194916033291975,0.30003274700598803
2021-02-28,54.403931,14662,0.9880026104629689,0.34295471556886226
2021-12-12,43.025095,7743,0.7813572547803068,0.18111433383233533
2021-05-31,53.580561,8171,0.9730497992520126,0.1911255613772455
2022-06-07,40.763455,11531,0.7402847406649671,0.269718375748503
2022-03-01,41.080297,12142,0.7460387499313987,0.28401010479041916
2021-05-17,52.766378,12356,0.9582638285581933,0.2890157185628742
2022-08-06,39.268847,9355,0.7131419114892805,0.21882017215568864
2021-03-04,53.061421,23947,0.963621957076495,0.5601375374251497
2022-05-23,41.095699,10034,0.746318457958496,0.23470247005988024
2021-05-12,52.792521,16838,0.9587385985200427,0.39385291916167664
2021-11-04,43.039544,15441,0.7816196558505268,0.3611760853293413
2021-02-14,54.442678,19087,0.9887062753718081,0.44645864520958084
2022-05-16,41.566004,11196,0.7548594320971808,0.2618824850299401
2022-03-11,42.720299,11161,0.7758220069016438,0.26106380988023953
2022-08-01,39.877286,9588,0.7241914681896497,0.22427020958083832
2021-03-01,53.922245,18579,0.9792549516692786,0.43457616017964074
2022-05-31,40.839516,13313,0.7416660464855782,0.31140063622754494
2021-04-05,53.678575,14941,0.9748297825378144,0.3494807260479042
2021-03-14,54.065952,11140,0.9818647426996695,0.26057260479041916
2022-04-22,42.28249,10143,0.7678711763838237,0.23725205838323354
2022-06-04,40.790767,8412,0.7407807402517794,0.19676272455089822
2022-07-30,39.367626,11169,0.7149357875578852,0.2612509356287425
2021-03-19,54.326912,16827,0.9866039068829785,0.39359562125748504
2022-07-01,39.231956,19418,0.712471952469176,0.45420097305389223
2021-04-29,53.761107,27040,0.9763286049564873,0.6324850299401198
2022-01-20,41.864061,14922,0.7602722963636758,0.3490363023952096
2022-06-26,39.274688,18264,0.7132479869720928,0.42720808383233533
2021-10-12,44.527251,11036,0.8086371594129814,0.25813997005988026
2022-08-29,42.414267,15316,0.7702643126444918,0.35825224550898205
2022-08-19,40.726235,14706,0.7396088068402324,0.34398390718562877
2022-06-21,39.590016,15980,0.7189745012409251,0.37378368263473055
2021-12-18,43.93048,9187,0.7977994994312313,0.21489053143712575
2021-03-18,54.036119,17733,0.9813229604913591,0.4147876122754491
2022-03-23,41.963592,14075,0.7620798291285782,0.32922436377245506
2021-06-05,53.408043,11332,0.969916786044716,0.265063622754491
2021-04-18,53.242339,12980,0.966907518487117,0.30361152694610777
2021-07-25,52.393667,9422,0.9514952102951441,0.2203873502994012
2021-11-21,42.759668,9964,0.7765369676417293,0.23306511976047903
2021-10-28,43.66801,14986,0.7930329128923245,0.35053330838323354
2022-06-15,39.961779,15703,0.725725903349599,0.3673044535928144
2021-04-30,53.914535,16387,0.9791149342112264,0.38330370508982037
2021-03-26,54.021847,17568,0.9810637738297092,0.41092814371257486
2022-04-28,41.673762,10152,0.7568163712988402,0.2374625748502994
2022-07-10,38.400985,12672,0.6973811032947106,0.2964071856287425
2022-01-25,41.462397,12022,0.7529778771326647,0.2812032185628742
2021-05-10,54.076384,14124,0.9820541930397992,0.3303705089820359
2021-05-22,54.186699,13462,0.9840575686409708,0.3148858532934132
2022-03-16,42.627081,10843,0.7741291213757406,0.2536255613772455
2021-11-30,42.869872,9304,0.778538327427357,0.21762724550898205
2021-10-29,43.06408,9927,0.7820652418882401,0.2321996631736527
2022-07-20,37.972746,12878,0.689604068765679,0.3012256736526946
2022-06-03,40.790767,12823,0.7407807402517794,0.29993918413173654
2022-01-13,42.391193,13606,0.7698452772583572,0.3182541167664671
2021-07-26,52.710312,9549,0.9572456419429978,0.22335797155688622
2021-10-06,44.143048,9685,0.8016598406793828,0.2265391092814371
2021-06-01,53.67661,11659,0.9747940971545365,0.2727123877245509
2021-12-07,42.821155,10087,0.7776536023295708,0.23594217814371257
2021-10-21,43.6782,9138,0.7932179683913584,0.2137443862275449
2021-03-12,53.154843,19551,0.965318547344479,0.4573119386227545
2021-08-25,47.592926,10479,0.8643113514641231,0.2451113398203593
2021-08-07,50.249033,9115,0.9125475836891247,0.2132063997005988
2021-04-17,53.242339,11395,0.966907518487117,0.26653723802395207
2021-09-14,45.891477,12583,0.8334121862260523,0.2943254116766467
2021-05-26,54.320504,13184,0.9864875343964418,0.3083832335329341
2022-01-14,42.191538,12622,0.7662194425518176,0.2952376497005988
2021-11-02,42.8065,12045,0.7773874601962693,0.28174120508982037
2022-04-01,41.056628,8650,0.7456089090475286,0.20232971556886228
2021-05-21,54.185913,14240,0.9840432944876597,0.33308383233532934
2021-06-09,53.06611,14912,0.9637071116628513,0.34880239520958084
2021-10-31,43.01981,6592,0.7812612765357145,0.15419161676646706
2022-03-30,41.263377,10964,0.7493635743438765,0.2564558383233533
2021-08-18,49.329073,13038,0.8958406497449303,0.3049681886227545
2021-02-17,54.457794,26709,0.9889807894957922,0.6247427020958084
2022-05-24,40.573911,10508,0.7368425267779303,0.24578967065868262
2021-04-14,52.479558,16711,0.9530550338346466,0.3908822979041916
2022-05-08,42.213284,12266,0.7666143607934265,0.2869105538922156
2021-08-24,47.639288,10345,0.8651533085834769,0.24197698353293412
2021-05-01,53.980431,11374,0.9803116385453134,0.26604603293413176
2021-07-19,52.452551,10941,0.9525645732004551,0.2559178517964072
2021-10-25,43.587417,9885,0.7915693036839193,0.23121725299401197
2021-08-15,49.966687,9658,0.9074200390443494,0.22590755988023953
2021-02-07,53.156742,18248,0.9653530341347307,0.42683383233532934
2022-06-24,38.96428,31782,0.7076108223652083,0.7434038173652695
2022-03-14,42.910164,11100,0.7792700503093078,0.2596369760479042
2021-10-30,43.03038,7905,0.781453233024899,0.18490363023952097
2022-06-25,38.96428,21414,0.7076108223652083,0.5008888473053892
2022-06-06,40.833948,12318,0.7415649288193739,0.28812687125748504
2022-02-21,41.818455,7449,0.7594440685826213,0.1742374625748503
2021-08-29,47.240472,8246,0.8579106104575933,0.19287986526946108
2022-08-28,42.299131,10551,0.7681733852709116,0.24679547155688622
2022-07-29,39.367626,15141,0.7149357875578852,0.35415886976047906
2021-05-25,54.65748,14691,0.992607187177844,0.3436330464071856
2021-02-16,54.841579,17258,0.9959505171402253,0.40367702095808383
2021-07-05,51.875099,7607,0.942077755925853,0.17793319610778444
2022-08-23,40.749276,17583,0.7400272429298539,0.41127900449101795
2022-05-13,41.475064,11660,0.7532079161911794,0.27273577844311375
2021-04-12,53.582872,13831,0.9730917681684275,0.32351702844311375
2022-07-17,38.523044,10021,0.6995977558125315,0.2343983907185629
2022-06-27,39.584732,20957,0.7188785411568334,0.4901992889221557
2021-06-22,51.763069,11756,0.9400432350665024,0.2749812874251497
2022-06-30,38.984816,19907,0.7079837664013381,0.46563903443113774
2022-04-23,42.858244,7529,0.7783271571287537,0.17610872005988024
2021-09-19,46.080748,8508,0.836849442296481,0.19900823353293412
2021-05-27,53.939184,15742,0.9795625723854844,0.36821669161676646
2021-03-20,54.326912,13359,0.9866039068829785,0.3124766092814371
2022-04-10,41.897291,7125,0.7608757697918309,0.16665886976047903
2021-09-01,46.652693,14442,0.847236249695403,0.3378087574850299
2022-08-27,41.917445,15089,0.7612417765168095,0.3529425523952096
2022-01-15,42.191538,7222,0.7662194425518176,0.16892776946107785
2022-05-05,42.174097,16859,0.7659027052644131,0.394344124251497
2022-07-05,38.876341,12293,0.7060138061208948,0.2875421032934132
2022-04-26,42.031747,12557,0.7633175580330595,0.29371725299401197
2021-11-16,42.836017,12561,0.7779235036864544,0.29381081586826346
2021-09-12,45.836712,9804,0.8324176264218718,0.22932260479041916
2021-05-29,53.580561,9391,0.9730497992520126,0.2196622380239521
2021-10-08,43.953319,10088,0.7982142670997728,0.23596556886227546
2022-02-27,40.446734,11462,0.7345329288190833,0.26810441616766467
2022-04-11,42.143314,7360,0.7653436705807266,0.1721556886227545
2021-06-10,52.991645,13605,0.962354790000872,0.3182307260479042
2022-03-05,42.571044,7322,0.7731114614150567,0.17126684131736528
2022-01-10,43.096122,10084,0.782647140641925,0.23587200598802396
2022-06-23,39.162691,18611,0.7112140654092555,0.4353246631736527
2021-04-09,53.59475,16031,0.9733074785921296,0.3749766092814371
2021-01-23,52.9743,27644,0.9620397961215055,0.6466130239520959
2021-10-18,44.791539,10187,0.813436761741608,0.23828125
2021-02-18,54.449369,24451,0.9888277872799568,0.5719264595808383
2021-03-27,54.021847,12083,0.9810637738297092,0.2826300523952096
2021-04-25,54.544937,11988,0.9905633499817904,0.28040793413173654
2021-11-22,42.762737,11374,0.7765927022174443,0.26604603293413176
2021-03-17,53.585267,15918,0.9731352625668755,0.37233345808383234
2021-12-20,43.450916,13168,0.7890903772193811,0.30800898203592814
2021-09-18,45.678538,8337,0.8295451074322538,0.19500842065868262
2021-04-15,52.789209,17484,0.9586784509427315,0.40896332335329344
2021-04-27,54.382766,17883,0.98761824347209,0.41829622005988026
2021-03-24,54.380435,20334,0.9875759113456672,0.47562687125748504
2022-06-22,39.288474,11061,0.7134983476305504,0.25872473802395207
2021-11-08,42.751221,12623,0.7763835658948853,0.2952610404191617
2021-11-25,42.865003,7154,0.7784499039509295,0.1673372005988024
2022-02-13,41.841193,7026,0.7598570020406227,0.1643431886227545
2021-07-28,51.897702,12387,0.9424882377163011,0.28974083083832336
2021-02-19,54.452566,23334,0.9888858463997224,0.5457990269461078
2021-04-16,53.242339,15597,0.966907518487117,0.3648250374251497
2021-12-08,42.522661,10036,0.7722328019244028,0.23474925149700598
2021-07-01,52.014152,11607,0.9446030279874014,0.2714960703592814
2021-08-28,47.240472,8923,0.8579106104575933,0.20871538173652696
2022-05-18,41.40222,12645,0.7518850327003418,0.29577563622754494
2022-07-14,38.730212,13541,0.7033600303585453,0.31673372005988026
2022-05-12,41.408156,12023,0.7519928334306917,0.2812266092814371
2022-08-22,40.889773,15949,0.7425787387539738,0.3730585703592814
2021-04-10,53.59475,12616,0.9733074785921296,0.2950973053892216
2022-02-06,41.669076,5670,0.7567312711939849,0.132625374251497
2021-07-27,52.550923,12988,0.9543510579453987,0.30379865269461076
2021-08-02,51.061154,10736,0.9272961074311279,0.25112275449101795
2022-04-17,42.183528,6310,0.7660739769436467,0.14759543413173654
2021-03-29,54.124379,14337,0.9829258062562996,0.33535273203592814
2021-06-08,53.144832,13084,0.9651367425750158,0.3060441616766467
2021-04-02,53.864386,20128,0.9782042032768734,0.4708083832335329
2021-03-11,53.043988,16885,0.9633053650730936,0.39495228293413176
2022-02-02,41.768699,10706,0.7585404747249237,0.25042103293413176
2022-06-08,40.487038,11329,0.7352648696270389,0.2649934505988024
2021-09-26,45.634022,8803,0.8287366745966308,0.20590849550898205
2021-02-25,54.479157,17871,0.9893687522657494,0.4180155314371258
2021-06-12,53.186096,9785,0.9658861174633514,0.22887818113772454
2022-07-25,37.743473,13161,0.6854403563584144,0.30784524700598803
2022-04-29,41.65856,9021,0.7565402953718219,0.21100767215568864
2022-07-31,39.730396,8492,0.7215238722864988,0.19863398203592814
2021-11-09,42.842128,13494,0.7780344825043737,0.31563435628742514
2021-09-06,46.090265,9600,0.8370222757787485,0.2245508982035928
2022-05-01,41.815639,6519,0.7593929286135064,0.15248409431137724
2021-07-20,52.331278,14258,0.9503621948359454,0.3335048652694611
2021-10-11,44.585767,8464,0.8096998392541467,0.19797904191616766
2022-07-21,37.527667,15639,0.6815212114099809,0.3658074476047904
2021-05-30,53.580561,8074,0.9730497992520126,0.18885666167664672
2021-10-20,43.755654,10709,0.794624571789021,0.25049120508982037
2021-07-13,51.556072,12362,0.9362840659660563,0.2891560628742515
2021-02-15,54.567261,16920,0.9909687649926281,0.39577095808383234
2022-02-09,41.320259,9989,0.7503965799273951,0.2336498877245509
2021-07-09,51.612871,10276,0.937315564228042,0.2403630239520958
2021-09-25,45.634022,9323,0.8287366745966308,0.21807166916167664
2021-05-03,53.49088,13162,0.9714211474160095,0.3078686377245509
2021-05-20,52.932221,12779,0.9612756204253472,0.2989099925149701
2022-08-17,40.37971,19210,0.7333157394405498,0.4493357035928144
2021-06-27,52.700349,9406,0.9570647088775536,0.2200130988023952
2022-02-10,41.253343,10904,0.7491813518829042,0.25505239520958084
2022-05-30,40.730834,10118,0.7396923269815531,0.23666729041916168
2022-02-19,41.551476,6894,0.7545955963474293,0.1612556137724551
2022-03-10,42.233597,9286,0.766983255037968,0.2172062125748503
2021-12-28,43.076009,11397,0.7822818784974627,0.26658401946107785
2021-12-06,42.680474,10146,0.7750987649733779,0.23732223053892215
2021-07-29,51.509736,11959,0.9354425810197127,0.2797296032934132
2021-11-27,42.865003,7828,0.7784499039509295,0.18310254491017963
2021-12-25,43.25585,4520,0.7855478810491583,0.10572604790419161
2021-03-31,54.106209,20127,0.9825958299641064,0.4707849925149701
2021-05-24,54.334964,12250,0.9867501352321661,0.2865363023952096
2021-02-04,53.754728,25637,0.9762127591244619,0.5996678517964071
2021-07-21,52.102192,14928,0.9462018784422548,0.3491766467065868
2022-03-12,42.720299,9362,0.7758220069016438,0.21898390718562874
2021-07-31,51.479707,9274,0.9348972393533248,0.2169255239520958
2021-11-15,42.912122,9232,0.7793056085690828,0.2159431137724551
2021-10-19,44.135183,10216,0.8015170083437692,0.23895958083832336
2021-04-26,54.455284,15042,0.9889352066397985,0.3518431886227545
2022-01-06,42.89721,12894,0.7790347991871795,0.3015999251497006
2022-04-15,41.59675,7941,0.7554177948423525,0.18574569610778444
2021-05-09,53.494398,11366,0.9714850360564022,0.26585890718562877
2021-07-17,51.209837,9952,0.9299962651114886,0.23278443113772454
2022-08-21,40.980873,10329,0.7442331603400387,0.24160273203592814
2022-01-05,43.093347,10521,0.7825967452533265,0.24609375
2022-07-22,37.900954,18377,0.6883002901212579,0.4298512350299401
2021-04-19,53.283328,15461,0.9676518992378437,0.3616438997005988
2022-06-09,40.216003,11515,0.7303427384022413,0.269344124251497
2021-09-07,45.337711,11968,0.8233555185638269,0.27994011976047906
2021-08-23,48.490917,11335,0.8806193173751206,0.26513379491017963
2021-09-29,44.927912,9831,0.8159133636620953,0.22995415419161677
2021-09-04,45.923564,10120,0.8339949022022548,0.23671407185628743
2022-01-04,43.291771,9187,0.7862002243838786,0.21489053143712575
2022-02-14,41.882885,8842,0.7606141496231279,0.20682073353293412
2021-01-26,54.80725,30010,0.9953270853221352,0.7019554640718563
2022-05-10,41.756196,11671,0.7583134139884742,0.2729930763473054
2021-11-05,42.934132,11578,0.7797053211827962,0.27081773952095806
2021-03-03,52.898622,23476,0.9606654457725461,0.5491205089820359
2021-06-15,52.95932,11950,0.9617677518255752,0.2795190868263473
2022-02-07,41.183821,8984,0.7479187975743818,0.21014221556886228
2022-07-15,38.496063,13146,0.6991077673513502,0.30749438622754494
2021-03-02,53.544854,22527,0.9724013422643768,0.5269227170658682
2021-08-19,49.105388,11935,0.8917784182138777,0.2791682260479042
2022-02-25,40.829729,12877,0.7414883096682037,0.30120228293413176
2022-02-17,41.409608,6936,0.7520192024772665,0.1622380239520958
2021-10-02,44.972914,7775,0.8167306225009109,0.1818628368263473
2022-04-20,42.316331,11114,0.7684857458777207,0.2599644461077844
2022-03-25,42.017604,8813,0.7630607140759604,0.2061424026946108
2022-06-14,39.548197,13021,0.7182150472748698,0.3045705464071856
2021-06-04,53.408043,11549,0.969916786044716,0.27013940868263475
2021-08-05,50.214188,15133,0.9119147810528303,0.35397174401197606
2021-05-07,53.494398,12850,0.9714850360564022,0.3005707335329341
2022-01-26,41.220621,13176,0.7485871039889502,0.30819610778443113
2022-06-13,39.681999,13060,0.7206449585488394,0.30548278443113774
2021-12-05,42.6072,9138,0.7737680724673701,0.2137443862275449
2022-06-02,40.843425,11290,0.7417370358816257,0.2640812125748503
2021-11-10,42.651123,9691,0.7745657361262585,0.22667945359281438
2021-12-13,43.074321,8796,0.7822512235727943,0.20574476047904192
2022-02-15,41.782467,9680,0.7587905084943742,0.22642215568862276
2021-12-27,42.99479,9048,0.7808069008158096,0.21163922155688622
2021-08-10,50.427115,16461,0.915781641920624,0.38503461826347307
2021-06-07,53.277751,11285,0.9675506181271359,0.2639642589820359
2022-08-12,40.263986,32466,0.7312141336927369,0.7594030688622755
2022-07-28,39.274621,14595,0.7132467702185664,0.3413875374251497
2022-06-20,39.794917,16709,0.7226956059325415,0.3908355164670659
2022-07-19,38.495083,13320,0.6990899700609623,0.31156437125748504
2021-09-28,45.300747,10922,0.8226842338271936,0.2554734281437126
2022-04-21,41.881572,9171,0.760590304886108,0.21451627994011976
2022-02-20,41.818455,6982,0.7594440685826213,0.16331399700598803
2022-07-27,38.443023,13308,0.6981445344103526,0.31128368263473055
2022-04-24,42.858244,8104,0.7783271571287537,0.18955838323353294
2021-11-14,42.679897,7454,0.7750882863646494,0.17435441616766467
2022-08-11,40.083964,21170,0.7279448440904697,0.49518151197604793
2022-06-18,39.758598,8817,0.7220360347186635,0.20623596556886228
2022-06-01,40.962675,10681,0.7439026755538344,0.24983626497005987
2021-09-27,45.278279,10262,0.8222762037042989,0.24003555389221556
2021-12-19,43.93048,12949,0.7977994994312313,0.3028864146706587
2021-05-15,52.794621,12136,0.9587767355708741,0.28386976047904194
2021-02-23,54.406798,21634,0.9880546766176039,0.5060348053892215
2022-06-17,39.758598,12087,0.7220360347186635,0.2827236152694611
2021-12-15,43.837404,9554,0.7961091926963842,0.2234749251497006
2021-10-03,44.994972,7734,0.817131206818643,0.18090381736526945
2021-02-10,54.289854,31350,0.985930915059308,0.7332990269461078
2022-08-05,39.268847,12147,0.7131419114892805,0.28412705838323354
2021-11-03,42.907958,27310,0.7792299882454345,0.6388005239520959
2022-08-26,41.917445,17439,0.7612417765168095,0.4079107410179641
2021-08-30,47.216883,11213,0.8574822224137549,0.262280127245509
2021-07-06,51.506595,10843,0.9353855388879693,0.2536255613772455
2021-11-26,42.865003,6980,0.7784499039509295,0.16326721556886228
2021-05-05,53.27999,13288,0.9675912794875222,0.31081586826347307
2022-04-06,41.602444,10249,0.7555212007316066,0.23973147455089822
2022-03-18,41.984894,7840,0.7624666841080112,0.18338323353293412
2021-05-16,52.794621,9858,0.9587767355708741,0.23058570359281438
2021-02-13,54.442678,37383,0.9887062753718081,0.8744152320359282
2022-01-12,42.230515,13776,0.7669272843757478,0.3222305389221557
2021-07-08,51.61698,9470,0.9373901857241685,0.22151010479041916
2022-01-18,42.283877,9506,0.7678963649978727,0.22235217065868262
2022-06-11,40.175366,11218,0.7296047501476539,0.26239708083832336
2021-03-23,54.974286,18150,0.9983605426662614,0.42454154191616766
2021-07-16,51.209837,12295,0.9299962651114886,0.2875888847305389
2021-10-07,44.350724,9674,0.8054313407595978,0.2262818113772455
2021-06-16,51.939883,11726,0.9432542657834997,0.27427956586826346
2021-06-03,53.191199,12550,0.9659787904968715,0.29355351796407186
2021-06-11,53.186096,12862,0.9658861174633514,0.3008514221556886
2021-11-18,42.483309,8574,0.7715181499128241,0.20055202095808383
2021-10-15,44.8352,10169,0.8142296673493925,0.23786021706586827
2021-11-12,42.810891,10102,0.7774672029535075,0.2362930389221557
2022-01-24,41.294856,8469,0.7499352487358385,0.19809599550898205
2022-06-29,39.047446,21635,0.7091211585411321,0.5060581961077845
2022-03-09,42.6547,10139,0.7746306962361745,0.23715849550898205
2022-01-17,42.512677,8925,0.7720514874884503,0.2087621631736527
2021-05-18,52.722626,16835,0.9574692703448725,0.39378274700598803
2021-12-14,43.331325,13111,0.7869185448165373,0.3066757110778443
2022-02-26,40.829729,8289,0.7414883096682037,0.19388566616766467
2022-04-27,41.889315,11878,0.7607309216406734,0.27783495508982037
2021-02-26,54.403931,23053,0.9880026104629689,0.5392262350299402
2021-11-29,42.725346,9942,0.7759136629471419,0.2325505239520958
2022-06-05,40.790767,10364,0.7407807402517794,0.24242140718562874
2021-08-06,50.249033,13091,0.9125475836891247,0.3062078967065868
2022-02-11,41.406609,9158,0.7519647391365794,0.2142122005988024
2021-10-26,43.43942,9663,0.7888816041068301,0.22602451347305388
2021-09-08,44.966509,12244,0.8166143044958752,0.28639595808383234
2021-03-07,53.55762,15300,0.9726331792124306,0.35787799401197606
2021-02-21,54.452566,15722,0.9888858463997224,0.367748877245509
2021-02-24,54.264025,19212,0.9854618474945828,0.4493824850299401
2022-08-20,40.726235,11919,0.7396088068402324,0.2787939745508982
2021-03-25,53.974147,16225,0.9801975179608257,0.37951440868263475
2022-02-28,40.91491,14431,0.7430352392524251,0.3375514595808383
2021-07-02,52.105449,10777,0.9462610271920441,0.2520817739520958
2022-02-23,42.38701,9752,0.7697693118852011,0.2281062874251497
2021-03-15,53.846774,13311,0.9778843605439012,0.31135385479041916
2021-10-27,43.59288,13731,0.7916685144975819,0.32117795658682635
2021-01-24,52.9743,23310,0.9620397961215055,0.5452376497005988
2021-08-17,49.75954,14833,0.9036581458688439,0.34695452844311375
2021-09-11,45.836712,11968,0.8324176264218718,0.27994011976047906
2022-07-26,37.96036,11477,0.6893791328077757,0.26845527694610777
2022-07-06,38.977762,17466,0.7078556622315455,0.4085422904191617
2022-04-14,41.527174,9595,0.7541542598668087,0.22443394461077845
2021-07-23,52.393667,11278,0.9514952102951441,0.2638005239520958
2021-11-23,42.903037,8909,0.7791406204229863,0.20838791167664672
2021-04-20,53.455244,20862,0.9707739798239019,0.4879771706586826
2021-08-27,47.240472,13366,0.8579106104575933,0.31264034431137727
2021-09-05,45.923564,10466,0.8339949022022548,0.24480726047904192
2022-04-02,41.056628,9545,0.7456089090475286,0.22326440868263472
2021-07-24,52.393667,8772,0.9514952102951441,0.20518338323353294
2022-08-10,39.788568,17732,0.722580304915528,0.41476422155688625
2021-11-28,42.865003,6520,0.7784499039509295,0.15250748502994013
2022-01-28,41.766982,12823,0.758509293145744,0.29993918413173654
2021-06-19,51.760901,9249,0.9400038631016441,0.21634075598802396
2022-03-15,42.782736,11244,0.7769558940648615,0.26300523952095806
2021-01-29,54.281215,24856,0.985774026496388,0.5813997005988024
2022-05-27,40.596371,13926,0.7372504116168217,0.3257391467065868
2021-09-15,45.997007,14794,0.8353286638328296,0.3460422904191617
2022-02-08,41.204865,9316,0.7483009671447127,0.21790793413173654
2022-07-08,38.400985,14549,0.6973811032947106,0.3403115643712575
2022-07-07,38.587157,15138,0.7007620799744125,0.3540886976047904
2022-01-30,41.776847,7811,0.7586884464821494,0.1827049026946108
2022-01-09,42.879552,7524,0.778714121071189,0.17599176646706588
2021-04-06,53.618386,16862,0.9737367201794868,0.3944142964071856
2021-02-03,52.652548,25505,0.9561966187981301,0.5965802769461078
2021-11-11,42.538759,9194,0.7725251496597757,0.21505426646706588
2021-09-20,46.004901,9882,0.8354720228229545,0.23114708083832336
2022-07-24,37.900954,11598,0.6883002901212579,0.2712855538922156
2021-06-29,52.711431,12546,0.9572659635429407,0.29345995508982037
2022-01-19,41.894207,10905,0.76081976280861,0.25507578592814373
2021-09-24,45.633941,11793,0.8287352035960986,0.27584674401197606
2022-04-25,42.147687,10537,0.7654230864489577,0.24646800149700598
2021-08-22,49.376494,10476,0.8967018388342034,0.24504116766467066
2021-10-01,44.972914,10302,0.8167306225009109,0.24097118263473055
2022-05-19,41.146003,12293,0.7472320037704104,0.2875421032934132
2021-03-28,54.021847,11975,0.9810637738297092,0.28010385479041916
2022-03-29,41.255556,11539,0.7492215410702803,0.269905501497006
2021-04-23,53.751111,17185,0.97614707259453,0.401969498502994
2021-06-24,52.633511,11863,0.9558508973520936,0.27748409431137727
2021-08-03,50.893504,12995,0.9242514995397584,0.3039623877245509
2022-03-31,41.15805,11269,0.7474507833186796,0.2635900074850299
2022-04-18,41.839502,8704,0.7598262926344533,0.20359281437125748
2021-12-01,42.349388,11685,0.7690860775393074,0.2733205464071856
2021-04-04,53.911609,12288,0.979061796587068,0.2874251497005988
2021-02-02,53.192157,24502,0.9659961882562509,0.5731193862275449
2021-12-10,43.025095,8650,0.7813572547803068,0.20232971556886228
2022-02-18,41.551476,8243,0.7545955963474293,0.19280969311377247
2022-01-29,41.776847,7831,0.7586884464821494,0.18317271706586827
2022-07-04,39.231956,10941,0.712471952469176,0.2559178517964072
2022-03-20,41.984999,7200,0.7624685909605529,0.16841317365269462
2022-08-30,42.008119,19245,0.7628884617297056,0.45015437874251496
2021-09-23,45.786628,11076,0.8315080759200445,0.2590755988023952
2021-07-10,51.612871,9038,0.937315564228042,0.21140531437125748
2021-12-02,42.616224,12153,0.7739319528229427,0.28426740269461076
2021-06-20,51.760901,8002,0.9400038631016441,0.18717252994011976
2021-12-11,43.025095,7320,0.7813572547803068,0.17122005988023953
2021-03-10,52.958772,17762,0.9617577998713583,0.41546594311377244
2022-08-13,40.263986,20600,0.7312141336927369,0.4818488023952096
2022-01-08,42.879552,8212,0.778714121071189,0.19208458083832336
2021-06-06,53.408043,11962,0.969916786044716,0.2797997754491018
2022-05-03,42.269926,29085,0.7676430078568499,0.6803190494011976
2022-01-16,42.527298,6684,0.7723170121647386,0.1563435628742515
2022-07-09,38.400985,10947,0.6973811032947106,0.2560581961077844
2022-04-13,41.623701,8556,0.7559072384885218,0.2001309880239521
2022-02-01,41.66749,9411,0.7567024686403571,0.22013005239520958
2021-11-17,42.956841,10413,0.7801177279862863,0.24356755239520958
2021-05-23,54.186699,10217,0.9840575686409708,0.23898297155688622
2021-12-16,43.705067,10715,0.7937058865554946,0.2506315494011976
2022-03-02,41.486461,22105,0.7534148914141912,0.5170518338323353
2022-02-03,41.518084,10034,0.7539891809182102,0.23470247005988024
2021-06-02,53.362852,13708,0.9690960948713256,0.32063997005988026
2021-12-23,43.25585,9549,0.7855478810491583,0.22335797155688622
2022-04-09,41.759641,7643,0.7583759769123379,0.1787752619760479
2021-01-27,53.949072,25496,0.9797421434133989,0.5963697604790419
2022-05-17,41.593401,10655,0.7553569753265267,0.24922810628742514
2022-02-22,42.27975,9804,0.7678214166127391,0.22932260479041916
2021-10-05,44.772521,10280,0.8130913853450791,0.2404565868263473
2021-11-13,42.810891,7410,0.7774672029535075,0.17332522455089822
2022-04-07,41.820749,11275,0.7594857287705293,0.2637303517964072
2022-05-09,41.891624,12467,0.7607728542360874,0.2916120883233533
2021-07-22,52.309477,13117,0.9499662777668149,0.3068160553892216
2022-07-12,38.532915,18562,0.6997770181119393,0.43417851796407186
2022-05-20,40.699837,11886,0.7391294059507819,0.27802208083832336
2022-07-03,39.231956,13068,0.712471952469176,0.30566991017964074
2021-06-17,51.680343,12871,0.9385408895107529,0.3010619386227545
2021-04-21,53.431994,16062,0.9703517481896978,0.37570172155688625
2021-08-04,50.578938,15021,0.9185388235722278,0.3513519835329341
2022-03-24,41.879023,9922,0.7605440137705989,0.23208270958083832
2021-06-30,52.124295,12610,0.9466032799825048,0.2949569610778443
2022-01-03,43.453177,9399,0.7891314381107761,0.2198493637724551
2021-07-14,51.183399,11793,0.9295161378020222,0.27584674401197606
2022-02-04,41.669076,11283,0.7567312711939849,0.2639174775449102
2021-11-20,42.526121,8588,0.7722956372557727,0.20087949101796407
2022-03-17,42.152031,11382,0.7655019756626775,0.26623315868263475
2021-05-02,53.980431,12095,0.9803116385453134,0.2829107410179641
2021-06-18,51.760901,13696,0.9400038631016441,0.3203592814371258
2022-06-19,39.758598,10759,0.7220360347186635,0.2516607410179641
2022-08-15,40.24045,19012,0.7307867081554195,0.44470434131736525
2021-02-12,54.441821,42752,0.9886907118229687,1.0
2021-03-13,53.154843,13384,0.965318547344479,0.313061377245509
2021-03-09,53.447902,14314,0.9706406454299954,0.33481474550898205
2021-08-20,48.943483,11060,0.8888381423972826,0.25870134730538924
2022-02-12,41.406609,7220,0.7519647391365794,0.1688809880239521
2022-08-14,40.263986,18947,0.7312141336927369,0.4431839446107784
2022-01-31,41.810834,9122,0.7593056674091042,0.21337013473053892
2022-03-26,42.017604,8061,0.7630607140759604,0.18855258233532934
2021-11-24,42.865003,9772,0.7784499039509295,0.2285741017964072
2022-04-19,41.954295,10825,0.7619109909563977,0.25320452844311375
2021-01-25,54.9925,29089,0.998691318020472,0.6804126122754491
2022-05-21,40.699837,10048,0.7391294059507819,0.23502994011976047
2021-04-03,53.906377,13843,0.9789667808489968,0.32379771706586824
2022-07-16,38.496063,9562,0.6991077673513502,0.2236620508982036
2021-12-30,43.369715,9417,0.7876157264267352,0.22027039670658682
2021-09-30,44.877784,9760,0.8150030140982506,0.2282934131736527
2021-08-21,49.017734,9248,0.8901865777121771,0.21631736526946108
2022-08-31,42.444431,17924,0.7708121059784331,0.41925523952095806
2022-08-24,41.343216,20995,0.7508134905349833,0.49108813622754494
2021-12-09,42.568008,10356,0.7730563261358548,0.24223428143712575
2021-05-14,52.794621,14267,0.9587767355708741,0.33371538173652693
2021-02-06,53.156742,19562,0.9653530341347307,0.4575692365269461
2021-08-09,50.393092,11620,0.915163767215655,0.2718001497005988
2021-05-04,53.549666,12922,0.9724887305922818,0.3022548652694611
2022-02-16,41.392334,8080,0.7517054979934281,0.18899700598802396
2021-05-11,54.020018,12771,0.9810305582744852,0.2987228667664671
2021-04-22,53.266932,19077,0.9673541396733528,0.44622473802395207
2022-08-09,39.602666,23824,0.719204231570933,0.5572604790419161
2021-04-08,53.348828,19217,0.9688414120137738,0.4494994386227545
2022-03-22,42.226836,10742,0.7668604718947913,0.2512630988023952
2021-11-19,42.526121,11750,0.7722956372557727,0.27484094311377244
2021-09-16,45.688091,11261,0.8297185946925356,0.26340288173652693
2021-12-17,43.93048,11273,0.7977994994312313,0.2636835703592814
2022-06-10,40.175366,19315,0.7296047501476539,0.45179172904191617
2022-03-04,42.571044,8717,0.7731114614150567,0.20389689371257486
2022-07-13,38.605113,14965,0.701088169919521,0.3500421032934132
2021-12-26,43.25585,6467,0.7855478810491583,0.1512677769461078
2022-01-01,43.348077,7061,0.7872227695191691,0.1651618637724551
2022-08-18,40.54477,16356,0.7363133116358939,0.38257859281437123
2022-02-05,41.669076,7596,0.7567312711939849,0.1776758982035928
2021-05-08,53.494398,12234,0.9714850360564022,0.28616205089820357
2021-06-25,52.652664,12714,0.956198725416176,0.29738959580838326
2021-06-21,51.666885,9495,0.9382964854964251,0.22209487275449102
2021-12-03,42.6072,11631,0.7737680724673701,0.2720574476047904
2022-08-03,39.187634,11540,0.7116670427706299,0.26992889221556887
2022-01-11,43.037834,10221,0.7815886013948499,0.23907653443113772
2022-04-08,41.759641,9838,0.7583759769123379,0.23011788922155688
2021-01-31,54.281215,19247,0.985774026496388,0.45020116017964074
