date,approve_estimate,col,num_comms,com_pct
2021-01-23,52.9743,positive,27644,40.7740641316853
2021-01-24,52.9743,positive,23310,41.5441373041758
2021-01-25,54.9925,positive,29089,42.63623838419371
2021-01-26,54.80725,positive,30010,41.430247808379924
2021-01-27,53.949072,positive,25496,40.01946349809289
2021-01-28,54.222706,positive,25933,43.80574324324324
2021-01-29,54.281215,positive,24856,44.37699737551553
2021-01-30,54.281215,positive,19511,42.47616144903557
2021-01-31,54.281215,positive,19247,42.3271463757917
2021-02-01,53.396059,positive,17745,40.2810251288221
2021-02-02,53.192157,positive,24502,42.410814740449695
2021-02-03,52.652548,positive,25505,42.36570213614166
2021-02-04,53.754728,positive,25637,40.81349996020059
2021-02-05,53.156742,positive,29166,39.60296553784319
2021-02-06,53.156742,positive,19562,43.547561274237
2021-02-07,53.156742,positive,18247,43.50635416418302
2021-02-08,53.093442,positive,18083,40.60766656935618
2021-02-09,54.535052,positive,33357,43.44490752800208
2021-02-10,54.289854,positive,31350,43.215747901244775
2021-02-11,54.253095,positive,32003,41.89422699306192
2021-02-12,54.441821,positive,42752,43.91351240306096
2021-02-13,54.442678,positive,37383,39.457268610873626
2021-02-14,54.442678,positive,19087,37.91541685703502
2021-02-15,54.567261,positive,16920,39.18934568616097
2021-02-16,54.841579,positive,17258,40.78844744865401
2021-02-17,54.457794,positive,26709,41.59243802167684
2021-02-18,54.449369,positive,24451,43.13943435840435
2021-02-19,54.452566,positive,23334,43.308957273840896
2021-02-20,54.452566,positive,18624,44.596633222384526
2021-02-21,54.452566,positive,15722,44.80606457864288
2021-02-22,54.732806,positive,20608,43.01578024547049
2021-02-23,54.406798,positive,21634,43.23341326938449
2021-02-24,54.264025,positive,19212,42.331166685028094
2021-02-25,54.479157,positive,17871,41.42175041720749
2021-02-26,54.403931,positive,23053,39.236477516424415
2021-02-27,54.403931,positive,14886,40.50942934117071
2021-02-28,54.403931,positive,14662,41.307226369911255
2021-03-01,53.922245,positive,18579,42.529472358933276
2021-03-02,53.544854,positive,22527,41.923177131797374
2021-03-03,52.898622,positive,23476,42.58839322968634
2021-03-04,53.061421,positive,23947,40.927346994582216
2021-03-05,53.55762,positive,19846,38.98634711717906
2021-03-06,53.55762,positive,17671,39.18703153412871
2021-03-07,53.55762,positive,15300,40.882855921333906
2021-03-08,53.368976,positive,15612,40.21223985163816
2021-03-09,53.447902,positive,14314,41.20322394933794
2021-03-10,52.958772,positive,17762,42.30054774946416
2021-03-11,53.043988,positive,16885,42.54113023103475
2021-03-12,53.154843,positive,19551,43.87075058902726
2021-03-13,53.154843,positive,13384,42.59300512363555
2021-03-14,54.065952,positive,11140,40.48995020535747
2021-03-15,53.846774,positive,13311,42.48101104231825
2021-03-16,53.88628,positive,15846,41.01037811537566
2021-03-17,53.585267,positive,15918,40.14526745857608
2021-03-18,54.036119,positive,17733,43.141786687427015
2021-03-19,54.326912,positive,16827,42.27783221527097
2021-03-20,54.326912,positive,13359,42.53916698509744
2021-03-21,54.326912,positive,11701,41.54152021869564
2021-03-22,55.064562,positive,15246,44.96284062758051
2021-03-23,54.974286,positive,18150,41.2509375213073
2021-03-24,54.380435,positive,20334,42.709514807813484
2021-03-25,53.974147,positive,16225,43.215959940336674
2021-03-26,54.021847,positive,17568,43.95406439990993
2021-03-27,54.021847,positive,12083,39.90422721268164
2021-03-28,54.021847,positive,11975,42.51881834966624
2021-03-29,54.124379,positive,14337,43.38235294117647
2021-03-30,53.904588,positive,15855,42.55005099028501
2021-03-31,54.106209,positive,20127,47.44472207816699
2021-04-01,53.790376,positive,17052,45.961025309290854
2021-04-02,53.864386,positive,20128,44.34847750407614
2021-04-03,53.906377,positive,13843,43.0468312706014
2021-04-04,53.911609,positive,12288,43.340857787810386
2021-04-05,53.678575,positive,14941,42.60336469917308
2021-04-06,53.618386,positive,16862,43.47893352586251
2021-04-07,53.11851,positive,15132,42.72765777213045
2021-04-08,53.348828,positive,19217,44.68654078690354
2021-04-09,53.59475,positive,16031,45.46640574037834
2021-04-10,53.59475,positive,12616,44.51501358455947
2021-04-11,53.59475,positive,11537,43.74881498615904
2021-04-12,53.582872,positive,13831,43.661215985857694
2021-04-13,53.571123,positive,15733,42.09498327759197
2021-04-14,52.479558,positive,16711,40.71385065172372
2021-04-15,52.789209,positive,17484,41.66229805080303
2021-04-16,53.242339,positive,15597,41.167154960804496
2021-04-17,53.242339,positive,11395,42.86574126321333
2021-04-18,53.242339,positive,12980,45.836570379264074
2021-04-19,53.283328,positive,15461,41.86682553007122
2021-04-20,53.455244,positive,20862,42.19745545015069
2021-04-21,53.431994,positive,16062,41.71081333748831
2021-04-22,53.266932,positive,19077,43.980542235337516
2021-04-23,53.751111,positive,17185,45.00222588839134
2021-04-24,53.751111,positive,14755,43.26979472140762
2021-04-25,54.544937,positive,11988,44.616472514794
2021-04-26,54.455284,positive,15042,45.22821576763486
2021-04-27,54.382766,positive,17882,43.723409457675196
2021-04-28,53.971838,positive,18834,45.89181286549708
2021-04-29,53.761107,positive,27040,48.290025895169215
2021-04-30,53.914535,positive,16387,45.81085236644209
2021-05-01,53.980431,positive,11374,43.59858938975774
2021-05-02,53.980431,positive,12095,44.58657426180558
2021-05-03,53.49088,positive,13162,41.22271289423408
2021-05-04,53.549666,positive,12922,43.477675717506145
2021-05-05,53.27999,positive,13288,44.28595234127645
2021-05-06,53.368107,positive,13920,41.39407636493399
2021-05-07,53.494398,positive,12850,40.16880275085965
2021-05-08,53.494398,positive,12234,42.956460674157306
2021-05-09,53.494398,positive,11366,40.17532077339083
2021-05-10,54.076384,positive,14124,42.283627219112056
2021-05-11,54.020018,positive,12771,40.604731018695155
2021-05-12,52.792521,positive,16838,39.44896094463838
2021-05-13,52.940977,positive,15965,41.17131289166258
2021-05-14,52.794621,positive,14267,41.21266393205847
2021-05-15,52.794621,positive,12136,41.64436208908105
2021-05-16,52.794621,positive,9858,40.96065151452196
2021-05-17,52.766378,positive,12356,40.02721176584924
2021-05-18,52.722626,positive,16835,43.09153271219412
2021-05-19,52.913053,positive,14157,39.83174835405999
2021-05-20,52.932221,positive,12779,38.84076471839762
2021-05-21,54.185913,positive,14240,42.483367642232764
2021-05-22,54.186699,positive,13462,42.034596890026855
2021-05-23,54.186699,positive,10217,43.63255893406218
2021-05-24,54.334964,positive,12250,40.66390041493776
2021-05-25,54.65748,positive,14691,40.45992839438171
2021-05-26,54.320504,positive,13184,41.52179390274628
2021-05-27,53.939184,positive,15742,40.76443017323976
2021-05-28,53.580561,positive,13425,39.11713286713287
2021-05-29,53.580561,positive,9391,36.5365910594094
2021-05-30,53.580561,positive,8074,37.16113591383992
2021-05-31,53.580561,positive,8171,38.26449377165871
2021-06-01,53.67661,positive,11659,41.97055329565499
2021-06-02,53.362852,positive,13708,41.69860680172781
2021-06-03,53.191199,positive,12550,41.7012792822728
2021-06-04,53.408043,positive,11549,42.75348906082257
2021-06-05,53.408043,positive,11332,44.47933430152687
2021-06-06,53.408043,positive,11962,42.79479107040641
2021-06-07,53.277751,positive,11285,40.76214556619108
2021-06-08,53.144832,positive,13084,44.49734729968712
2021-06-09,53.06611,positive,14912,46.04458716729451
2021-06-10,52.991645,positive,13605,42.985781990521325
2021-06-11,53.186096,positive,12862,41.72993316462267
2021-06-12,53.186096,positive,9785,41.52697024996817
2021-06-13,53.186096,positive,9688,40.958863569103286
2021-06-14,53.112947,positive,13170,40.644384779187114
2021-06-15,52.95932,positive,11950,40.097980001342194
2021-06-16,51.939883,positive,11726,41.584509539683665
2021-06-17,51.680343,positive,12871,41.14769820971867
2021-06-18,51.760901,positive,13696,43.3664745741245
2021-06-19,51.760901,positive,9249,39.772092023220814
2021-06-20,51.760901,positive,8002,42.36103758602435
2021-06-21,51.666885,positive,9495,39.83470380936399
2021-06-22,51.763069,positive,11756,40.05451448040886
2021-06-23,52.301904,positive,11035,39.56615274291861
2021-06-24,52.633511,positive,11863,39.571033056472864
2021-06-25,52.652664,positive,12714,40.840319938325145
2021-06-26,52.700349,positive,7570,41.377425526100026
2021-06-27,52.700349,positive,9406,43.953271028037385
2021-06-28,52.678675,positive,12194,44.83582748097217
2021-06-29,52.711431,positive,12546,44.49567314512697
2021-06-30,52.124295,positive,12610,42.755908181602415
2021-07-01,52.014152,positive,11607,42.77186129638501
2021-07-02,52.105449,positive,10777,43.9913462323455
2021-07-03,52.105449,positive,9936,42.430712730067896
2021-07-04,51.875099,positive,9592,43.929471032745596
2021-07-05,51.875099,positive,7607,43.35708178968367
2021-07-06,51.506595,positive,10843,43.62678039752153
2021-07-07,51.83027,positive,10714,39.31166067366258
2021-07-08,51.61698,positive,9470,41.624543976088965
2021-07-09,51.612871,positive,10276,40.832869744893905
2021-07-10,51.612871,positive,9038,42.64012077750519
2021-07-11,51.612871,positive,8738,42.42365393018401
2021-07-12,51.555196,positive,10936,40.102676934360105
2021-07-13,51.556072,positive,12362,39.91347023117655
2021-07-14,51.183399,positive,11793,40.201124936083175
2021-07-15,51.099852,positive,13754,41.487693050193045
2021-07-16,51.209837,positive,12295,42.36587298852555
2021-07-17,51.209837,positive,9952,43.710470836261415
2021-07-18,52.423018,positive,7765,43.69478363626133
2021-07-19,52.452551,positive,10941,40.33845813516204
2021-07-20,52.331278,positive,14258,43.496034167175104
2021-07-21,52.102192,positive,14928,44.789822676948006
2021-07-22,52.309477,positive,13117,43.61574782203897
2021-07-23,52.393667,positive,11278,39.81219994351878
2021-07-24,52.393667,positive,8772,39.99817609776116
2021-07-25,52.393667,positive,9422,43.016938318951745
2021-07-26,52.710312,positive,9549,41.66593943625098
2021-07-27,52.550923,positive,12988,40.93803189812772
2021-07-28,51.897702,positive,12387,41.40316866100675
2021-07-29,51.509736,positive,11960,40.9841683229388
2021-07-30,51.479707,positive,12007,41.110007874824525
2021-07-31,51.479707,positive,9274,39.49408057235329
2021-08-01,51.479707,positive,10608,41.31001986058647
2021-08-02,51.061154,positive,10736,40.52238242620971
2021-08-03,50.893504,positive,12995,40.54475679385979
2021-08-04,50.578938,positive,15021,43.006842843645316
2021-08-05,50.214188,positive,15133,41.8200408997955
2021-08-06,50.249033,positive,13091,40.66285643287569
2021-08-07,50.249033,positive,9115,41.3172566973392
2021-08-08,50.249033,positive,11080,43.04082663248261
2021-08-09,50.393092,positive,11620,40.516039051603904
2021-08-10,50.427115,positive,16461,41.47078830020406
2021-08-11,50.321962,positive,13718,43.732466207600105
2021-08-12,50.192013,positive,12119,43.52463726476081
2021-08-13,49.966687,positive,14753,41.479461298394575
2021-08-14,49.966687,positive,8928,41.43884892086331
2021-08-15,49.966687,positive,9658,36.841502956322714
2021-08-16,49.928948,positive,13696,31.54306771073238
2021-08-17,49.75954,positive,14833,34.654113029460554
2021-08-18,49.329073,positive,13038,38.88342131162208
2021-08-19,49.105388,positive,11935,39.678845706306724
2021-08-20,48.943483,positive,11060,38.19720255568986
2021-08-21,49.017734,positive,9248,38.74643874643874
2021-08-22,49.376494,positive,10476,41.129127242746655
2021-08-23,48.490917,positive,11335,38.85175664095973
2021-08-24,47.639288,positive,10345,38.110149198747465
2021-08-25,47.592926,positive,10479,39.13579324768449
2021-08-26,47.183967,positive,13193,37.10797963603634
2021-08-27,47.240472,positive,13366,37.928490351872874
2021-08-28,47.240472,positive,8923,36.818650711780485
2021-08-29,47.240472,positive,8246,41.583459404942005
2021-08-30,47.216883,positive,11213,37.26239532101555
2021-08-31,46.975274,positive,12784,38.18969380134429
2021-09-01,46.652693,positive,14442,38.51919024884645
2021-09-02,46.20802,positive,14534,39.74295870932458
2021-09-03,45.924771,positive,12193,40.45857251883067
2021-09-04,45.923564,positive,10120,42.850489054494645
2021-09-05,45.923564,positive,10466,45.69707025280531
2021-09-06,46.090265,positive,9600,42.62877442273535
2021-09-07,45.337711,positive,11968,43.82919504870724
2021-09-08,44.966509,positive,12244,42.36531607902841
2021-09-09,45.215821,positive,15584,42.304142461588576
2021-09-10,45.83798,positive,20406,43.17816335167161
2021-09-11,45.836712,positive,11968,42.74285714285714
2021-09-12,45.836712,positive,9804,40.555969223132294
2021-09-13,46.124809,positive,12507,42.58716970852628
2021-09-14,45.891477,positive,12583,43.49915304041207
2021-09-15,45.997007,positive,14794,41.24452870166439
2021-09-16,45.688091,positive,11261,42.264674973727665
2021-09-17,45.678538,positive,11272,41.384880860594045
2021-09-18,45.678538,positive,8337,41.506521955590955
2021-09-19,46.080748,positive,8508,41.898946124298234
2021-09-20,46.004901,positive,9882,40.58316221765914
2021-09-21,46.508264,positive,11140,40.58435644285766
2021-09-22,46.327145,positive,9800,40.56795131845842
2021-09-23,45.786628,positive,11076,41.39168130348668
2021-09-24,45.633941,positive,11793,42.46210348179887
2021-09-25,45.634022,positive,9323,42.6272232636825
2021-09-26,45.634022,positive,8803,41.943015056222606
2021-09-27,45.278279,positive,10262,40.5644714997233
2021-09-28,45.300747,positive,10922,39.04618904618904
2021-09-29,44.927912,positive,9831,39.54704533569331
2021-09-30,44.877784,positive,9760,42.08347706105553
2021-10-01,44.972914,positive,10302,41.91553421759297
2021-10-02,44.972914,positive,7775,42.797379864589644
2021-10-03,44.994972,positive,7734,40.56222793307809
2021-10-04,44.817262,positive,10423,41.57227185705169
2021-10-05,44.772521,positive,10280,41.54710423149982
2021-10-06,44.143048,positive,9685,40.4519254865926
2021-10-07,44.350724,positive,9674,42.53429475905733
2021-10-08,43.953319,positive,10088,43.50901406020874
2021-10-09,43.953319,positive,8509,44.3986433602922
2021-10-10,44.671535,positive,7651,41.647161286810736
2021-10-11,44.585767,positive,8464,40.8179012345679
2021-10-12,44.527251,positive,11036,40.81210014422543
2021-10-13,44.62828,positive,9586,39.573958634355776
2021-10-14,44.681045,positive,11734,43.568988563790285
2021-10-15,44.8352,positive,10168,42.971853604936186
2021-10-16,44.8352,positive,8003,43.317997293640055
2021-10-17,44.8352,positive,6498,40.60488658376554
2021-10-18,44.791539,positive,10187,44.92018696534086
2021-10-19,44.135183,positive,10216,39.29533041003154
2021-10-20,43.755654,positive,10709,38.671818575761954
2021-10-21,43.6782,positive,9138,39.15670394652269
2021-10-22,43.367714,positive,8123,41.34263029315961
2021-10-23,43.367714,positive,5774,41.66546399191803
2021-10-24,43.367714,positive,6204,38.775
2021-10-25,43.587417,positive,9885,40.45261090194794
2021-10-26,43.43942,positive,9663,42.45979435802795
2021-10-27,43.59288,positive,13731,45.44882828015358
2021-10-28,43.66801,positive,14986,43.20350563611728
2021-10-29,43.06408,positive,9927,40.48366706088659
2021-10-30,43.03038,positive,7905,42.2027654690086
2021-10-31,43.01981,positive,6592,42.305223976383004
2021-11-01,42.87445,positive,9862,41.36397953191847
2021-11-02,42.8065,positive,12045,42.617556522662134
2021-11-03,42.907958,positive,27310,40.33377639935017
2021-11-04,43.039544,positive,15441,38.92067653063796
2021-11-05,42.934132,positive,11578,41.870389121944164
2021-11-06,42.934132,positive,10923,38.46262192330716
2021-11-07,42.554764,positive,8035,41.1123618501842
2021-11-08,42.751221,positive,12623,42.33632948752348
2021-11-09,42.842128,positive,13494,43.98018382113291
2021-11-10,42.651123,positive,9691,40.78703703703704
2021-11-11,42.538759,positive,9194,40.16074782684663
2021-11-12,42.810891,positive,10102,42.195397017668434
2021-11-13,42.810891,positive,7410,43.54980899206583
2021-11-14,42.679897,positive,7454,42.88837744533947
2021-11-15,42.912122,positive,9232,41.96172901231762
2021-11-16,42.836017,positive,12561,40.125862509583435
2021-11-17,42.956841,positive,10413,41.85625854168342
2021-11-18,42.483309,positive,8574,40.07853036039826
2021-11-19,42.526121,positive,11750,42.14188365253569
2021-11-20,42.526121,positive,8588,40.78066384918562
2021-11-21,42.759668,positive,9964,41.96075128442685
2021-11-22,42.762737,positive,11374,40.81530125237736
2021-11-23,42.903037,positive,8909,41.21865457573794
2021-11-24,42.865003,positive,9772,43.597751405371646
2021-11-25,42.865003,positive,7154,44.08158235257872
2021-11-26,42.865003,positive,6980,41.84150581465052
2021-11-27,42.865003,positive,7828,42.11545703986657
2021-11-28,42.865003,positive,6520,41.20323559150657
2021-11-29,42.725346,positive,9942,45.359978100191626
2021-11-30,42.869872,positive,9304,42.162505098110294
2021-12-01,42.349388,positive,11685,41.038878937941206
2021-12-02,42.616224,positive,12153,39.713090647670086
2021-12-03,42.6072,positive,11631,40.886560973037575
2021-12-04,42.6072,positive,8177,38.96778497903164
2021-12-05,42.6072,positive,9138,44.974899104242546
2021-12-06,42.680474,positive,10146,42.9078913981223
2021-12-07,42.821155,positive,10087,40.72100440030681
2021-12-08,42.522661,positive,10036,39.488491048593346
2021-12-09,42.568008,positive,10356,40.08360427310729
2021-12-10,43.025095,positive,8650,40.12617711184302
2021-12-11,43.025095,positive,7320,41.15827944897386
2021-12-12,43.025095,positive,7743,41.64918508955947
2021-12-13,43.074321,positive,8796,42.0157630761882
2021-12-14,43.331325,positive,13111,38.796827839261404
2021-12-15,43.837404,positive,9554,41.4418322200052
2021-12-16,43.705067,positive,10715,39.49502395871728
2021-12-17,43.93048,positive,11273,38.84027012127894
2021-12-18,43.93048,positive,9187,39.23888438047239
2021-12-19,43.93048,positive,12949,39.25366800048503
2021-12-20,43.450916,positive,13168,41.19634588912526
2021-12-21,43.664251,positive,12017,41.31967128563078
2021-12-22,43.393962,positive,10820,40.74562229335342
2021-12-23,43.25585,positive,9549,39.16895688912589
2021-12-24,43.25585,positive,6762,42.17814371257485
2021-12-25,43.25585,positive,4520,41.81313598519889
2021-12-26,43.25585,positive,6467,43.20839179528296
2021-12-27,42.99479,positive,9048,36.96984555037999
2021-12-28,43.076009,positive,11397,44.386026404953846
2021-12-29,43.105517,positive,7754,42.82321754017783
2021-12-30,43.369715,positive,9417,41.15102254850551
2021-12-31,43.34409,positive,7415,39.88060022589146
2022-01-01,43.348077,positive,7061,42.871888281724345
2022-01-02,43.348077,positive,7579,39.400083177375755
2022-01-03,43.453177,positive,9399,41.920520940189995
2022-01-04,43.291771,positive,9187,39.42580036048408
2022-01-05,43.093347,positive,10521,42.43536482071553
2022-01-06,42.89721,positive,12894,42.17170891251022
2022-01-07,42.879552,positive,10126,40.552663195835
2022-01-08,42.879552,positive,8212,40.363725731137876
2022-01-09,42.879552,positive,7524,41.48654609616233
2022-01-10,43.096122,positive,10084,41.910145048002995
2022-01-11,43.037834,positive,10221,41.36716852841185
2022-01-12,42.230515,positive,13776,44.92711085021035
2022-01-13,42.391193,positive,13606,42.9902998514961
2022-01-14,42.191538,positive,12622,40.768733850129195
2022-01-15,42.191538,positive,7222,40.39375804015884
2022-01-16,42.527298,positive,6684,41.374187558031565
2022-01-17,42.512677,positive,8925,40.55712078524039
2022-01-18,42.283877,positive,9506,41.79380083534843
2022-01-19,41.894207,positive,10905,42.28219146213795
2022-01-20,41.864061,positive,14922,43.35774058577406
2022-01-21,41.885124,positive,10767,43.48546042003231
2022-01-22,41.885124,positive,8659,42.07482993197279
2022-01-23,42.317826,positive,8620,43.06985110422704
2022-01-24,41.294856,positive,8469,40.30362156760101
2022-01-25,41.462397,positive,12022,44.48309035743358
2022-01-26,41.220621,positive,13176,45.157310302282546
2022-01-27,41.844844,positive,12225,45.074109578939606
2022-01-28,41.766982,positive,12823,48.05321341577665
2022-01-29,41.776847,positive,7831,41.03437434500105
2022-01-30,41.776847,positive,7811,41.81701375876653
2022-01-31,41.810834,positive,9122,43.42982289087793
2022-02-01,41.66749,positive,9411,42.59720273389762
2022-02-02,41.768699,positive,10706,45.26658492241343
2022-02-03,41.518084,positive,10034,41.91311612364244
2022-02-04,41.669076,positive,11284,41.34696420065223
2022-02-05,41.669076,positive,7596,43.06366574068824
2022-02-06,41.669076,positive,5670,39.424280350438046
2022-02-07,41.183821,positive,8984,44.000391811147026
2022-02-08,41.204865,positive,9316,40.46388394214481
2022-02-09,41.320259,positive,9989,45.92221404928282
2022-02-10,41.253343,positive,10904,45.6234309623431
2022-02-11,41.406609,positive,9158,41.13366870283867
2022-02-12,41.406609,positive,7220,40.84865629420085
2022-02-13,41.841193,positive,7026,40.72571296081613
2022-02-14,41.882885,positive,8842,40.264116575591984
2022-02-15,41.782467,positive,9680,39.70793338255804
2022-02-16,41.392334,positive,8080,39.61366867676619
2022-02-17,41.409608,positive,6935,41.43019296254257
2022-02-18,41.551476,positive,8243,40.223490948128635
2022-02-19,41.551476,positive,6894,44.337256415203555
2022-02-20,41.818455,positive,6982,43.06155174540521
2022-02-21,41.818455,positive,7449,41.17061847123197
2022-02-22,42.27975,positive,9804,43.76394964735291
2022-02-23,42.38701,positive,9752,41.07661850806622
2022-02-24,42.058835,positive,11662,35.925081633910416
2022-02-25,40.829729,positive,12877,40.38576132977889
2022-02-26,40.829729,positive,8289,39.854793730166364
2022-02-27,40.446734,positive,11462,41.30152781781493
2022-02-28,40.91491,positive,14431,41.81322979746762
2022-03-01,41.080297,positive,12142,39.78114147172531
2022-03-02,41.486461,positive,22105,43.866960369907325
2022-03-03,41.633145,positive,14323,44.77336667708659
2022-03-04,42.571044,positive,8717,41.616537763773515
2022-03-05,42.571044,positive,7322,39.4185733512786
2022-03-06,42.571044,positive,7814,38.560994867745755
2022-03-07,42.131551,positive,8733,40.620493976464026
2022-03-08,42.62412,positive,9854,38.444132334581774
2022-03-09,42.6547,positive,10139,40.29328776378016
2022-03-10,42.233597,positive,9286,41.80811309711404
2022-03-11,42.720299,positive,11161,39.19991570665917
2022-03-12,42.720299,positive,9362,42.57583337123107
2022-03-13,42.966955,positive,8311,43.36777290753496
2022-03-14,42.910164,positive,11100,43.410246382479464
2022-03-15,42.782736,positive,11244,40.991615020051036
2022-03-16,42.627081,positive,10843,42.35877802953355
2022-03-17,42.152031,positive,11382,44.32415592507496
2022-03-18,41.984894,positive,7840,42.74809160305343
2022-03-20,41.984999,positive,7200,39.06885886374735
2022-03-21,42.262355,positive,8298,42.44501278772378
2022-03-22,42.226836,positive,10742,45.617462204858164
2022-03-23,41.963592,positive,14075,47.84323056528094
2022-03-24,41.879023,positive,9922,46.071693907875186
2022-03-25,42.017604,positive,8813,43.23913256795212
2022-03-26,42.017604,positive,8061,46.292999483144776
2022-03-27,41.957127,positive,9457,45.595680053999324
2022-03-28,41.658699,positive,8725,41.81844325153374
2022-03-29,41.255556,positive,11539,44.07226338705981
2022-03-30,41.263377,positive,10964,44.20789484294988
2022-03-31,41.15805,positive,11269,44.022970544573795
2022-04-01,41.056628,positive,8650,40.871290871290874
2022-04-02,41.056628,positive,9545,42.81613062396268
2022-04-03,41.056628,positive,8112,47.55261152470837
2022-04-04,41.199149,positive,8702,41.428231373482504
2022-04-05,41.390237,positive,10680,46.37228083886935
2022-04-06,41.602444,positive,10249,43.44085109990251
2022-04-07,41.820749,positive,11275,46.311509077466525
2022-04-08,41.759641,positive,9838,42.00862547504163
2022-04-09,41.759641,positive,7643,42.233519367851024
2022-04-10,41.897291,positive,7125,43.29990884229717
2022-04-11,42.143314,positive,7360,41.86337523462829
2022-04-12,42.221226,positive,9175,41.36609558160505
2022-04-13,41.623701,positive,8556,39.38682502416793
2022-04-14,41.527174,positive,9595,42.5046513688314
2022-04-15,41.59675,positive,7941,41.77055388985324
2022-04-16,42.183528,positive,8077,45.17337807606264
2022-04-17,42.183528,positive,6310,45.20704972059034
2022-04-18,41.839502,positive,8704,43.322880891941665
2022-04-19,41.954295,positive,10825,42.92909263959391
2022-04-20,42.316331,positive,11114,43.66307849453917
2022-04-21,41.881572,positive,9171,41.19761017025291
2022-04-22,42.28249,positive,10143,43.333190925791435
2022-04-23,42.858244,positive,7529,42.132064913262454
2022-04-24,42.858244,positive,8104,41.452685421994886
2022-04-25,42.147687,positive,10537,45.12440580703182
2022-04-26,42.031747,positive,12557,44.21011864943844
2022-04-27,41.889315,positive,11878,44.52858481724461
2022-04-28,41.673762,positive,10152,42.63396606752898
2022-04-29,41.65856,positive,9021,42.7576073561475
2022-05-01,41.815639,positive,6519,39.41116014751224
2022-05-02,42.038905,positive,10011,38.26834862385321
2022-05-03,42.269926,positive,29085,38.211414157338794
2022-05-04,42.285548,positive,18379,41.14486556672413
2022-05-05,42.174097,positive,16859,41.965997062703806
2022-05-06,42.213284,positive,14705,40.72166375896541
2022-05-08,42.213284,positive,12266,41.81068275556464
2022-05-09,41.891624,positive,12467,38.30460564721787
2022-05-10,41.756196,positive,11671,39.501116902457184
2022-05-11,41.65522,positive,13366,41.995789738272535
2022-05-12,41.408156,positive,12023,41.85115566694514
2022-05-13,41.475064,positive,11660,43.329617242660724
2022-05-15,41.343442,positive,10239,38.55335492130432
2022-05-16,41.566004,positive,11196,40.318340595628214
2022-05-17,41.593401,positive,10655,42.43836380292349
2022-05-18,41.40222,positive,12645,45.940054495912804
2022-05-19,41.146003,positive,12293,42.5908602709351
2022-05-20,40.699837,positive,11886,43.40966363536759
2022-05-21,40.699837,positive,10048,42.21139304318602
2022-05-22,41.109417,positive,7742,39.114838579295714
2022-05-23,41.095699,positive,10034,40.410793395086586
2022-05-24,40.573911,positive,10508,40.182019808037936
2022-05-25,40.917994,positive,18382,38.82400152068769
2022-05-26,40.456767,positive,17327,38.582466766127055
2022-05-27,40.596371,positive,13926,37.264188809504695
2022-05-30,40.730834,positive,10118,42.06543882260009
2022-05-31,40.839516,positive,13313,43.57774140752864
2022-06-01,40.962675,positive,10681,40.25401371824828
2022-06-02,40.843425,positive,11289,40.732455349088944
2022-06-03,40.790767,positive,12823,41.99305737490175
2022-06-04,40.790767,positive,8412,42.51061249241965
2022-06-05,40.790767,positive,10364,39.801835707976494
2022-06-06,40.833948,positive,12318,41.178043725345994
2022-06-07,40.763455,positive,11531,42.157794676806084
2022-06-08,40.487038,positive,11329,42.86092615012107
2022-06-09,40.216003,positive,11515,42.22588925559222
2022-06-10,40.175366,positive,19315,40.83250533792783
2022-06-11,40.175366,positive,11218,42.84132136719496
2022-06-12,40.175366,positive,9985,43.45271769876844
2022-06-13,39.681999,positive,13060,43.440659925492284
2022-06-14,39.548197,positive,13021,44.6934852749365
2022-06-15,39.961779,positive,15703,46.77409746217086
2022-06-16,39.928989,positive,15151,46.261182864645356
2022-06-17,39.758598,positive,12087,44.034391052497355
2022-06-18,39.758598,positive,8817,44.496593489780466
2022-06-19,39.758598,positive,10759,44.04372032094318
2022-06-20,39.794917,positive,16709,43.49376578077413
2022-06-21,39.590016,positive,15980,43.46170583115752
2022-06-22,39.288474,positive,11061,42.91534104135951
2022-06-23,39.162691,positive,18611,45.31421197438582
2022-06-24,38.96428,positive,31782,39.244304500833486
2022-06-25,38.96428,positive,21414,40.435053531977566
2022-06-26,39.274688,positive,18264,40.28231142479047
2022-06-27,39.584732,positive,20957,42.40333447989803
2022-06-28,39.569858,positive,28499,42.66636724305711
2022-06-29,39.047446,positive,21635,44.227073878735844
2022-06-30,38.984816,positive,19907,42.28873688235544
2022-07-01,39.231956,positive,19418,40.806976988546815
2022-07-02,39.231956,positive,14088,40.7285342584562
2022-07-03,39.231956,positive,13068,41.391106043329536
2022-07-04,39.231956,positive,10941,40.523723100855584
2022-07-05,38.876341,positive,12293,40.61384961014933
2022-07-06,38.977762,positive,17466,41.13034263511127
2022-07-07,38.587157,positive,15138,42.989804901598845
2022-07-08,38.400985,positive,14549,42.844101537193005
2022-07-09,38.400985,positive,10947,44.53983237041256
2022-07-10,38.400985,positive,12672,45.650059440181565
2022-07-11,38.527124,positive,14787,45.07132406730066
2022-07-12,38.532915,positive,18562,46.55747573302566
2022-07-13,38.605113,positive,14965,45.42419183487631
2022-07-14,38.730212,positive,13541,39.48734398693573
2022-07-15,38.496063,positive,13146,38.082271147161066
2022-07-16,38.496063,positive,9562,39.21423884514436
2022-07-17,38.523044,positive,10021,41.88155640071886
2022-07-18,38.639201,positive,12759,39.64515427399559
2022-07-19,38.495083,positive,13320,39.76119402985074
2022-07-20,37.972746,positive,12878,41.34189406099518
2022-07-21,37.527667,positive,15639,40.56493658081084
2022-07-22,37.900954,positive,18377,44.495290670928064
2022-07-23,37.900954,positive,10440,45.15375632541845
2022-07-24,37.900954,positive,11598,44.94826183001977
2022-07-25,37.743473,positive,13161,45.284382204177135
2022-07-26,37.96036,positive,11477,41.85020420070011
2022-07-27,38.443023,positive,13308,43.92949098831452
2022-07-28,39.274621,positive,14595,45.03517649962972
2022-07-29,39.367626,positive,15141,44.912790697674424
2022-07-30,39.367626,positive,11169,42.48060246462803
2022-07-31,39.730396,positive,8492,43.40847518274293
2022-08-01,39.877286,positive,9588,40.94111618771083
2022-08-02,39.176724,positive,10348,42.93597776025891
2022-08-03,39.187634,positive,11540,40.91183039671004
2022-08-04,39.219817,positive,12128,45.08717796200602
2022-08-05,39.268847,positive,12147,42.03841495068351
2022-08-06,39.268847,positive,9355,43.48331319141025
2022-08-07,39.268847,positive,11551,42.351690254454795
2022-08-08,39.61849,positive,12827,41.955320053642104
2022-08-09,39.602666,positive,23824,45.27125890736342
2022-08-10,39.788568,positive,17732,45.07027933812876
2022-08-11,40.083964,positive,21170,47.318894029817386
2022-08-12,40.263986,positive,32465,43.92742131897275
2022-08-13,40.263986,positive,20600,43.79065515921942
2022-08-14,40.263986,positive,18947,45.30824047061074
2022-08-15,40.24045,positive,19012,42.212304891316414
2022-08-16,40.248652,positive,16838,44.338529597640616
2022-08-17,40.37971,positive,19210,46.105844233769346
2022-08-18,40.54477,positive,16356,46.57042794909029
2022-08-19,40.726235,positive,14706,45.505461521799674
2022-08-20,40.726235,positive,11919,44.77292363171932
2022-08-21,40.980873,positive,10329,45.22923326181198
2022-08-22,40.889773,positive,15949,46.49447570183366
2022-08-23,40.749276,positive,17583,43.8446001546019
2022-08-24,41.343216,positive,20995,42.11972876459495
2022-08-25,41.530031,positive,17636,41.69760018914766
2022-08-26,41.917445,positive,17439,44.45662426389986
2022-08-27,41.917445,positive,15089,45.731171389604484
2022-08-28,42.299131,positive,10551,44.56976302116335
2022-08-29,42.414267,positive,15316,43.696328207469115
2022-08-30,42.008119,positive,19245,44.5950643030935
2022-08-31,42.444431,positive,17924,44.94145375222526
